id,unique_id,first_name,last_name,address_line_1,address_line_2,city,state,zip,phone,employer,occupation,wallet,contribution_amount,contribution_date
1,9R1LB52B,Laura,Ward,125 Pine Place,,Atlanta,GA,30301,555-3473,Consulting Firm,Pilot,0xc81131c2206dcacd857c8fd22937b17a9edade8b,3300,2024-01-07
2,BS2LMXM4,James,Powell,765 Elm Place,Suite 2D,Miami,FL,33101,555-4207,Tech Solutions Inc,Banker,0xbe3499ead82ee1b832ad617e920fcb9420d95c15,985.14,2024-01-07
3,M13JF1JW,Debra,Anderson,524 Pine Court,,Seattle,WA,98101,555-9600,Nonprofit Org,Operations Manager,0x523a2ca6a5d61408a22071c45869970473e785a5,1269.73,2024-01-07
4,M22SMOJS,Stephen,Ward,620 Birch Lane,Unit 17B,San Antonio,TX,78201,555-1782,Consulting Firm,Engineer,0x813389e2380a9b638316362b070c19bca9955689,764.13,2024-01-07
5,CNPVNIFW,Jose,Rivera,354 Ash Street,Apt 19B,New York,NY,10001,555-2452,Law Associates,Agent,0x7edb2abea6c22946711c2ae65ebbe4f88d419de7,894.92,2024-01-11
6,U22P0A4G,Charlotte,Aguilar,776 Oak Place,,Anaheim,CA,92801,555-2564,Sports Management,Project Manager,0x31eda11686c47c6ce67f545f67623e233a295489,1827.95,2024-01-11
7,BS2LMXM4,James,Powell,765 Elm Place,Suite 2D,Miami,FL,33101,555-4207,Tech Solutions Inc,Banker,0xbe3499ead82ee1b832ad617e920fcb9420d95c15,784.79,2024-01-18
8,5W2GH215,Jacqueline,Ruiz,634 Maple Drive,,Minneapolis,MN,55401,555-2653,Consulting Firm,Site Supervisor,0xa6f73db471dfbf4fcdbc146bca6f57b4e4a21f36,836.6,2024-01-20
9,H3D8ZLEY,Christian,Butler,953 Willow Lane,Unit 1B,Austin,TX,78701,555-3971,Financial Advisory LLC,Director,0xd9345816116cd600b4d2a3a78c37eee7551ba686,1786.01,2024-01-23
10,92CTKVF0,Andrea,White,145 Pine Place,,Detroit,MI,48201,555-4875,University,Product Manager,0x007c0582ff9ab4d26e63667de01513dfb4833739,1581.03,2024-01-24
11,AMNKHZ1B,Jennifer,Mendoza,124 Pine Way,,Milwaukee,WI,53201,555-6978,Food Services,Operations Manager,0x3db59b0ecfdccda46e37fca7df83f9f66f45f2c1,845.27,2024-01-24
12,ETQ4A0MC,George,Hayes,788 Oak Street,,Philadelphia,PA,19101,555-9837,Retail Chain,Underwriter,0x3ad706f1fb16f02d574548d6ece4cdc7c4b71c7d,1116.27,2024-02-02
13,2TJUI40V,Carolyn,Williams,323 Ash Way,,Milwaukee,WI,53201,555-8189,Tech Startup,Designer,0xc314a1b0300b7bb183fa4fa72327b992d7b4c803,1108.07,2024-02-02
14,6H1RMG77,Kelly,Diaz,509 Pine Circle,,Atlanta,GA,30301,555-6981,Hospital Network,Systems Analyst,0xb04cd64de83f984a0587cf8c4af20c920e8fcc4a,15.62,2024-02-03
15,RJ77OYU1,Carol,Ellis,985 Ash Street,,San Jose,CA,95101,555-3617,Insurance Corp,Consultant,0x577785223d3bee101e0068ec4e2606dbdfb3dac4,1015.57,2024-02-04
16,060BKHPG,David,Gray,885 Cedar Avenue,Floor 18D,Indianapolis,IN,46201,555-3595,Financial Advisory LLC,Professor,0x22c2d0b5f6a28ab00af5804b0ad8866f6a1af515,1219.09,2024-02-07
17,Q59TWRLG,Lisa,Stewart,145 Willow Drive,,Phoenix,AZ,85001,555-3950,Publishing House,Real Estate Agent,0x664f7d7d8fa5764f4b78e5931613aaea385ce77d,119.92,2024-02-09
18,Z9V2TMV2,Olivia,Hayes,958 Spruce Place,,Tampa,FL,33601,555-6908,Pharmacy Chain,Financial Analyst,0xd18e529ab2f0b718e2443b403698490da8b0b0a0,1625.94,2024-02-12
19,Y0A4GCHY,Brandon,Kim,395 Spruce Circle,Unit 17A,San Antonio,TX,78201,555-5033,Construction Co,Agent,0x8deb771df348a346e9665651642b84e7612a8cfa,1144.44,2024-02-14
20,UULAEUSF,Katherine,Medina,392 Maple Circle,,Kansas City,MO,64101,555-6505,Financial Advisory LLC,Physician,0xf9ffe8604491a3bbdbbcd10ef5c1bb27ca066401,1425.87,2024-02-14
21,RGBZX2ZV,Rebecca,Morgan,921 Poplar Circle,Apt 5C,Minneapolis,MN,55401,555-4983,Aerospace Corp,Pharmacist,0x338e51a7036a2d062c4348f191c49423131b8e19,977.17,2024-02-16
22,CFNVL7IY,Mason,Sullivan,593 Cedar Place,,Las Vegas,NV,89101,555-8086,Aerospace Corp,Producer,0x5b1faa040d43e4421e1195310a7a7043cad76edd,3300,2024-02-17
23,NK71KXKQ,Justin,Murray,993 Oak Boulevard,,Oakland,CA,94601,555-8023,Education First,CPA,0x9179e979c6f88a2e5bb7452b9184f81b2fc72b2e,1526.06,2024-02-19
24,1VTXHOVE,Mary,Griffin,758 Cedar Drive,,New York,NY,10001,555-9965,Tech Solutions Inc,Attorney,0x5d80f366d3e403f877023b8fef5b8db4421aa091,705.55,2024-02-19
25,W94BZF6D,Christina,Parker,577 Oak Lane,,Indianapolis,IN,46201,555-5078,Telecom Company,Systems Analyst,0xe0538f86fe2ca2184330103e34d4de7daea201af,34.18,2024-02-20
26,8KAP8OKK,Jennifer,Williams,173 Pine Court,,Sacramento,CA,95801,555-5736,Energy Company,Software Engineer,0x947d80c2e24bddd798547911375235b11956d6e8,859.96,2024-02-21
27,VS0R6KCH,Madison,Hughes,898 Ash Court,,Honolulu,HI,96801,555-3268,Media Productions,Site Supervisor,0x08a91a373f93252ed01e9aeeb76adf3fff5f09b3,327.77,2024-02-23
28,BELZFATP,Dennis,Campbell,500 Cedar Circle,,Houston,TX,77001,555-5231,Consulting Firm,Editor,0x0eab408c7f6720241267bf93385746c0b09d8ab2,1059.02,2024-02-24
29,WYMUMPQ6,Grace,Howard,903 Elm Circle,Apt 18B,Jacksonville,FL,32201,555-8412,Retail Giants,Producer,0x0c1ef388200d522bf1daa07b7811942465b48600,1889.44,2024-02-29
30,INYIJ9SW,James,Jordan,297 Birch Court,,Phoenix,AZ,85001,555-6346,Insurance Corp,Physician,0xca18afa644b2bc0c608e8c1ad9698976221d56c3,1821.1,2024-03-02
31,V4IHMZWN,Jordan,Tran,466 Spruce Avenue,Floor 15D,Washington,DC,20001,555-9913,Consulting Firm,Operations Manager,0xdce29b140ea98c1288fc73758b4b6789121e89ed,1388.81,2024-03-05
32,ZBWLU9BD,Nicholas,Wright,601 Cedar Street,Floor 3D,Tampa,FL,33601,555-4533,Real Estate Group,CEO,0xbc333228bdbf1ab6433082428f9f9ba4efaf6eef,1174.41,2024-03-07
33,HOMDYJ6X,Jessica,Hernandez,573 Oak Circle,,Jacksonville,FL,32201,555-2695,Music Label,Mechanical Engineer,0x4fe076c393985d328c46384018b77ec09fadb831,592.48,2024-03-10
34,N7YMXCEN,Kenneth,Woods,831 Pine Boulevard,Floor 18C,Fort Worth,TX,76101,555-9256,Pharmacy Chain,Banker,0x576b1cec6392e4828d9265580b0f4386f5da9a38,230.37,2024-03-12
35,HYRZFLYY,Carolyn,Wright,520 Ash Way,,Fresno,CA,93701,555-2360,Accounting Firm,Software Engineer,0xb5da13c9a2e6c944909df341735971f35f159f4b,830.56,2024-03-12
36,OHFLU3OH,Zachary,Medina,396 Spruce Street,,San Jose,CA,95101,555-8426,Pharmacy Chain,Financial Analyst,0x1e76a2f53f0432153de523b6f533dbcb89014a66,445.01,2024-03-19
37,GLSEX3RD,Anthony,Patel,659 Birch Street,,Boston,MA,02101,555-2854,Pharmacy Chain,Designer,0x2a64f7bb981a38dac719b003e6b397db240abb4a,1458.94,2024-03-22
38,Y98W4QG0,Emily,Sanchez,859 Cedar Place,,Washington,DC,20001,555-7261,Investment Bank,Administrator,0x8ad1100b8fc3cf674adab8369d29dd583d37f6af,1345.48,2024-03-22
39,4376J1GV,Walter,Harrison,448 Birch Way,,Dallas,TX,75201,555-5890,Accounting Firm,Real Estate Agent,0x318effcab4ce638cece0d59287d60367a79f3b22,938.2,2024-03-24
40,GR57OCIL,Kevin,Marshall,223 Cedar Road,Suite 9,Raleigh,NC,27601,555-7242,Real Estate Group,Security Consultant,0xaf6893930cf70d8e426d0974d7b6532cd5d29636,346.55,2024-03-26
41,D9CLQHB1,Isabella,Ellis,336 Oak Boulevard,,Los Angeles,CA,90001,555-6167,Travel Agency,Producer,0x8778637aa0f7b0f098e8d8fd6aea1b4be8130f6f,522.38,2024-03-26
42,AE6STQMB,Laura,Alvarez,812 Spruce Boulevard,,Atlanta,GA,30301,555-8531,Sports Management,Network Engineer,0xf0db28b02e0aefc44f0c8f440689b2e8b2aab742,865.48,2024-03-28
43,ID074SG0,Peter,Cruz,918 Oak Place,,Indianapolis,IN,46201,555-3357,Biotech Labs,Project Manager,0x87784d374dc663aa06c86e68be590d190a01a94b,1288.96,2024-03-28
44,8XQ3USL9,Steven,Simmons,631 Oak Boulevard,,Columbus,OH,43201,555-2086,Insurance Corp,Partner,0xf4b45c2c886e754735d3a925c01b646749f44422,1031.61,2024-03-29
45,SJTVFVB0,Deborah,Nguyen,609 Pine Circle,,Charlotte,NC,28201,555-7868,Education First,Software Engineer,0x1faa993bad304b35f13dcee234392df2f3b90617,703.3,2024-03-29
46,BS2LMXM4,James,Powell,765 Elm Place,Suite 2D,Miami,FL,33101,555-4207,Tech Solutions Inc,Banker,0xbe3499ead82ee1b832ad617e920fcb9420d95c15,1529.07,2024-04-01
47,GHN1RBNW,Douglas,Long,312 Poplar Lane,,Austin,TX,78701,555-7641,Aerospace Corp,Systems Analyst,0x2da6ed35f23a97f2bcb70f9b04821754947703b5,1662.89,2024-04-03
48,BELZFATP,Dennis,Campbell,500 Cedar Circle,,Houston,TX,77001,555-5231,Consulting Firm,Editor,0x0eab408c7f6720241267bf93385746c0b09d8ab2,208.77,2024-04-03
49,HXHX4VMR,Denise,Brown,793 Birch Avenue,,Phoenix,AZ,85001,555-1457,Gaming Studio,Engineer,0x53598c1e45f207f550fe89ffc12ea5fa1074c6f5,1804.55,2024-04-06
50,OX09YVNV,Donna,Myers,339 Birch Court,Unit 20A,Charlotte,NC,28201,555-6145,Financial Advisory LLC,Professor,0xa946121fef719d4f0692dd4f7fdfa1f93e03fed8,1833.98,2024-04-06
51,7ZV3BEZO,Joseph,Murphy,944 Spruce Boulevard,,Omaha,NE,68101,555-2711,Construction Co,Security Consultant,0x7b224e8bbf01c624e0ca398b36d9ac9edfdf263c,1631.51,2024-04-07
52,WVD3JZ0S,Janet,Hamilton,616 Poplar Way,,Detroit,MI,48201,555-5176,Media Productions,Network Engineer,0x5f29d7266520f905a7ed3dc31fee98e81cd72907,402.09,2024-04-09
53,NPUEXHGC,Aaron,Foster,816 Elm Circle,Unit 7C,Phoenix,AZ,85001,555-4072,Telecom Company,Director,0x062be612223a13602911e0c645268933d7c2afad,320.8,2024-04-11
54,0ZSA683Z,Christopher,McDonald,176 Elm Boulevard,,Dallas,TX,75201,555-8841,Retail Chain,Regional Manager,0x62ce8019d99f1200de3aeac4442318d5f0b43a95,579.38,2024-04-20
55,GR57OCIL,Kevin,Marshall,223 Cedar Road,Suite 9,Raleigh,NC,27601,555-7242,Real Estate Group,Security Consultant,0xaf6893930cf70d8e426d0974d7b6532cd5d29636,785.86,2024-04-20
56,BIKJ52AQ,Charlotte,Chen,472 Maple Court,Unit 13D,Chicago,IL,60601,555-8618,Sports Management,Real Estate Agent,0x0f35d7146c2e374b0937ce698d42bb632c70ed81,430.55,2024-04-22
57,9T7ZT14E,Debra,Alvarez,450 Oak Circle,,Houston,TX,77001,555-6510,Pharmacy Chain,Editor,0xcfc1fa19b3e0c3cac56d1bc975212aa5725b732b,1394.56,2024-04-24
58,ES2FK5CG,Heather,Gonzalez,814 Oak Avenue,Suite 4B,Fresno,CA,93701,555-7715,Healthcare Partners,Site Supervisor,0xf4b66f6222fa72269483a2db98ccc67ba33e2488,613.34,2024-04-27
59,I3CLB3U4,Nathan,Bailey,731 Oak Way,,Seattle,WA,98101,555-1803,Logistics Co,CEO,0x4a59d912a286645b5eb383d809755d8e03b383ae,43.15,2024-04-30
60,89CM5WVC,Brenda,Young,420 Spruce Place,,Tampa,FL,33601,555-4284,Energy Company,Mechanical Engineer,0x89050758df62c70764793ea4141dd83d0c29918f,3300,2024-05-01
61,T3OAEB3E,Charlotte,Kelly,928 Oak Way,,Houston,TX,77001,555-2503,Art Gallery,CPA,0x1e64dd35f4defceea0351705533b6fe4d4a54d1a,428.67,2024-05-01
62,ETQ4A0MC,George,Hayes,788 Oak Street,,Philadelphia,PA,19101,555-9837,Retail Chain,Underwriter,0x3ad706f1fb16f02d574548d6ece4cdc7c4b71c7d,608.96,2024-05-04
63,9AFFUUV5,Jessica,Martin,415 Pine Lane,Apt 3,Raleigh,NC,27601,555-5388,Biotech Labs,Engineer,0x05799cd6cebb2440a422ca35fc5ea0b9fbbd925a,42.26,2024-05-05
64,PK7M5CYL,Gregory,Jenkins,939 Poplar Avenue,,Los Angeles,CA,90001,555-8430,Music Label,Professor,0x451206a32e3cdb54034607fcc15ae4faa519cee6,483.13,2024-05-05
65,C3Z2QOV8,Kyle,Rivera,689 Willow Road,Unit 11B,San Jose,CA,95101,555-5266,Real Estate Group,Physician,0x7b4e9fcadf8ca8d10d80f3fe649d7329efd1dffe,255.14,2024-05-09
66,BIKJ52AQ,Charlotte,Chen,472 Maple Court,Unit 13D,Chicago,IL,60601,555-8618,Sports Management,Real Estate Agent,0x0f35d7146c2e374b0937ce698d42bb632c70ed81,604.32,2024-05-10
67,WVD3JZ0S,Janet,Hamilton,616 Poplar Way,,Detroit,MI,48201,555-5176,Media Productions,Network Engineer,0x5f29d7266520f905a7ed3dc31fee98e81cd72907,43.52,2024-05-11
68,0ZAA8WA1,Barbara,Martin,393 Elm Boulevard,Floor 11D,Chicago,IL,60601,555-8290,Logistics Co,Partner,0xf8939b634a74a54acc65e84e6b47b515e2e0ea25,1891.35,2024-05-12
69,BXCCT17O,Sara,Anderson,165 Oak Lane,Unit 16A,San Diego,CA,92101,555-5573,Film Studio,Operations Manager,0x23b85badc811ea5160612fee46fe033bcc842d54,1801.93,2024-05-13
70,UG1P460X,Samuel,Martin,498 Pine Circle,,Chicago,IL,60601,555-4625,Food Services,Security Consultant,0xe2026c7617466af6b694e2f57ceee189ae685bdd,437.1,2024-05-13
71,ZO41S71R,David,Perez,479 Oak Place,,Atlanta,GA,30301,555-6532,Nonprofit Org,Store Manager,0x63a1ea1588480d7c126c336d05a4abbc10417600,483.18,2024-05-14
72,6KMNDSDD,Julie,Jenkins,470 Maple Way,Suite 10B,Minneapolis,MN,55401,555-3576,Hospital Network,Security Consultant,0x3426886ae6468b24e157deed18c2b7903bac517b,103.39,2024-05-15
73,SKTN9UM4,Ashley,Gutierrez,382 Ash Way,,Phoenix,AZ,85001,555-7757,Film Studio,Restaurant Owner,0x5479e4c84180af2d1c1ea285377cd6a0834567e2,464.8,2024-05-16
74,BELZFATP,Dennis,Campbell,500 Cedar Circle,,Houston,TX,77001,555-5231,Consulting Firm,Editor,0x0eab408c7f6720241267bf93385746c0b09d8ab2,86.83,2024-05-16
75,8E8S8O5B,Jacqueline,Vasquez,358 Pine Road,Floor 2B,Seattle,WA,98101,555-3929,Pharmacy Chain,Marketing Director,0x759e3024366f02ceef107a3a5836c10100349918,1246.7,2024-05-17
76,6KMNDSDD,Julie,Jenkins,470 Maple Way,Suite 10B,Minneapolis,MN,55401,555-3576,Hospital Network,Security Consultant,0x3426886ae6468b24e157deed18c2b7903bac517b,28.38,2024-05-18
77,3BPC7AAP,Barbara,Alvarez,151 Elm Road,Apt 18C,Philadelphia,PA,19101,555-1041,Food Services,Real Estate Agent,0x7749e2a80b8ed640195638f4afdc45743decd62d,1493.94,2024-05-19
78,F8M7G9DL,Susan,Diaz,954 Elm Boulevard,,Nashville,TN,37201,555-2828,Music Label,Research Scientist,0xa51697eeedfb8e9d5af175aab64d1c1170dbf12e,262.73,2024-05-20
79,GMC4HU1A,Chloe,Washington,137 Elm Road,,Houston,TX,77001,555-8722,Hospital Network,Real Estate Agent,0x72b6fbbefe9c2189db481e1d965db73185cf4ce6,603.7,2024-05-22
80,GHV6TMP2,Anna,Romero,721 Poplar Avenue,Unit 12C,Minneapolis,MN,55401,555-6488,Retail Giants,Real Estate Agent,0x5832e71d9dcb0825c177aaced9ba15a3635b698c,815.64,2024-05-22
81,M91DV3DW,Christine,Harris,333 Poplar Boulevard,Apt 4C,Portland,OR,97201,555-5836,Tech Solutions Inc,Marketing Director,0x9e93a17d9105a0682c40ec8aa268897b68172689,3299.95,2024-05-24
82,HX1TJEQY,Keith,Vargas,334 Ash Drive,,San Antonio,TX,78201,555-4237,Biotech Labs,Network Engineer,0xe5e7c4760c8ff66f4cfc648aad78ec321e41622f,27,2024-05-25
83,W16RO41P,Willie,Myers,613 Ash Place,Unit 4C,Albuquerque,NM,87101,555-6084,Financial Advisory LLC,Partner,0xe28eb12c0381ce4f4b121a6c6816b448f569bbf9,27.51,2024-05-28
84,8H68I9A7,Zachary,Simmons,554 Pine Place,,Portland,OR,97201,555-7442,Media Productions,Designer,0x8774d1c6bbf3c427725fd2b990f169f3792581ec,183.22,2024-05-28
85,AE6STQMB,Laura,Alvarez,812 Spruce Boulevard,,Atlanta,GA,30301,555-8531,Sports Management,Network Engineer,0xf0db28b02e0aefc44f0c8f440689b2e8b2aab742,489.5,2024-05-29
86,RGBZX2ZV,Rebecca,Morgan,921 Poplar Circle,Apt 5C,Minneapolis,MN,55401,555-4983,Aerospace Corp,Pharmacist,0x338e51a7036a2d062c4348f191c49423131b8e19,61.91,2024-05-30
87,YDJM4G6H,Eugene,Nelson,855 Ash Road,,Portland,OR,97201,555-8956,Retail Giants,Architect,0x718113be3ad96f60385ff9344640c73e25d25765,250.14,2024-05-31
88,NPUEXHGC,Aaron,Foster,816 Elm Circle,Unit 7C,Phoenix,AZ,85001,555-4072,Telecom Company,Director,0x062be612223a13602911e0c645268933d7c2afad,680.57,2024-06-03
89,KQIIPUPB,Andrea,Watson,528 Birch Street,Unit 19C,Fresno,CA,93701,555-4895,Tech Solutions Inc,Producer,0x83a0b9fc0683f66235f5a10affb7d1d7be65ba5a,1953.69,2024-06-05
90,C3Z2QOV8,Kyle,Rivera,689 Willow Road,Unit 11B,San Jose,CA,95101,555-5266,Real Estate Group,Physician,0x7b4e9fcadf8ca8d10d80f3fe649d7329efd1dffe,626.8,2024-06-08
91,0ZSA683Z,Christopher,McDonald,176 Elm Boulevard,,Dallas,TX,75201,555-8841,Retail Chain,Regional Manager,0x62ce8019d99f1200de3aeac4442318d5f0b43a95,377.72,2024-06-08
92,N6Z37BFH,Joshua,Hall,765 Pine Circle,,Boston,MA,02101,555-9828,Travel Agency,Restaurant Owner,0x5a7484093ea1c9f0ba6f92ecb04c5d31855b5edb,1699.53,2024-06-09
93,DMDT7SNV,Dennis,Jackson,653 Cedar Place,,Fresno,CA,93701,555-5858,Architecture Firm,Financial Analyst,0xab8ae0c9c2bcfcd1a1d2c470726590abdc7b42b2,119.92,2024-06-10
94,M22SMOJS,Stephen,Ward,620 Birch Lane,Unit 17B,San Antonio,TX,78201,555-1782,Consulting Firm,Engineer,0x813389e2380a9b638316362b070c19bca9955689,149.03,2024-06-11
95,R6OLX2YW,Sara,Sanders,935 Oak Circle,,Virginia Beach,VA,23451,555-7493,Music Label,Professor,0x4f182d7fca5d5db5a0b5179ff4b5e8afed6d6a04,1273.05,2024-06-12
96,KMFOSQ9O,Nicholas,Hughes,173 Birch Court,,Milwaukee,WI,53201,555-7691,Tech Startup,Software Engineer,0x70ec3b64e8ecfb732b3eeea4ee8d0cc5a050055c,1182.19,2024-06-13
97,FCPJ4T0A,Charles,Reyes,273 Cedar Court,Apt 17,Boston,MA,02101,555-2109,Travel Agency,Security Consultant,0x4ca8c1ea0324538018d71b219d01121f44802ea4,46.24,2024-06-14
98,YDJM4G6H,Eugene,Nelson,855 Ash Road,,Portland,OR,97201,555-8956,Retail Giants,Architect,0x718113be3ad96f60385ff9344640c73e25d25765,639.1,2024-06-16
99,6H1RMG77,Kelly,Diaz,509 Pine Circle,,Atlanta,GA,30301,555-6981,Hospital Network,Systems Analyst,0xb04cd64de83f984a0587cf8c4af20c920e8fcc4a,361.39,2024-06-16
100,AMNKHZ1B,Jennifer,Mendoza,124 Pine Way,,Milwaukee,WI,53201,555-6978,Food Services,Operations Manager,0x3db59b0ecfdccda46e37fca7df83f9f66f45f2c1,42.18,2024-06-17
101,PYU7VDP8,Christine,Washington,104 Pine Drive,Unit 15A,Charlotte,NC,28201,555-5974,Nonprofit Org,Producer,0x5246d0a65978e9bd34c7aa7a52354b9f49797a80,1844.04,2024-06-17
102,9AFFUUV5,Jessica,Martin,415 Pine Lane,Apt 3,Raleigh,NC,27601,555-5388,Biotech Labs,Engineer,0x05799cd6cebb2440a422ca35fc5ea0b9fbbd925a,838.63,2024-06-17
103,T3OAEB3E,Charlotte,Kelly,928 Oak Way,,Houston,TX,77001,555-2503,Art Gallery,CPA,0x1e64dd35f4defceea0351705533b6fe4d4a54d1a,626.71,2024-06-22
104,ZE770A29,Joshua,Stewart,827 Oak Road,,Indianapolis,IN,46201,555-4815,Accounting Firm,Director,0x6d6de9a618f8838c8eb7581594cfa3bcca2caf83,533.04,2024-06-23
105,T3OAEB3E,Charlotte,Kelly,928 Oak Way,,Houston,TX,77001,555-2503,Art Gallery,CPA,0x1e64dd35f4defceea0351705533b6fe4d4a54d1a,717.55,2024-06-23
106,122TZVNB,Denise,Owens,998 Oak Court,,Fresno,CA,93701,555-5673,Education First,Network Engineer,0x28ce14913a41d6858cff2780bab2dac19ac53102,43.73,2024-06-27
107,7Y6HI04S,Scott,Bell,120 Cedar Court,,Columbus,OH,43201,555-1727,Logistics Co,Product Manager,0xc35a158bfc9957ec35229112741f64942abbb36b,59.95,2024-06-27
108,J06OIXBQ,Dennis,Martin,589 Ash Road,,San Jose,CA,95101,555-4154,Security Firm,Creative Director,0xc9d6351894be064644e05fa77a3f3363070da9af,1950.42,2024-06-30
109,5IHZRG4O,Alexander,Nguyen,636 Maple Way,,New York,NY,10001,555-6943,Auto Industries,CEO,0x253388843aa51c720f6787dc35a3f541047a46a9,1928.28,2024-07-01
110,QZJ4A5RX,Andrea,Gibson,110 Spruce Road,,Houston,TX,77001,555-8892,Hotel Chain,Teacher,0x6488c9349a0ac14172e8cc8672b8c5373d79ebf4,1004.48,2024-07-04
111,ZO41S71R,David,Perez,479 Oak Place,,Atlanta,GA,30301,555-6532,Nonprofit Org,Store Manager,0x63a1ea1588480d7c126c336d05a4abbc10417600,382.82,2024-07-04
112,8M0BJ6U9,Julia,Mitchell,603 Ash Street,Unit 10D,Kansas City,MO,64101,555-3396,Art Gallery,Game Developer,0x25537341182677efd7b13297b9d158737b2c10c3,1274.1,2024-07-07
113,FQJB26BY,Maria,Wallace,590 Birch Avenue,,Columbus,OH,43201,555-5668,Media Productions,Editor,0xb3e6b4fa848d8c51f2a143379e76b27f5304455d,42.73,2024-07-08
114,8WUVFN9T,Nicholas,Adams,241 Poplar Lane,,Detroit,MI,48201,555-5961,Construction Co,Designer,0x4ac73ebf27790a9a4650d10ca0b146a30de89946,1941.62,2024-07-09
115,89CMLQ63,Rebecca,Jordan,622 Maple Road,,Philadelphia,PA,19101,555-6364,Healthcare Partners,Professor,0x4a34c7bdb12ba3930b4f2801cb5b0c93af56b537,815.99,2024-07-10
116,H1TMJONR,William,Martinez,904 Willow Road,,San Diego,CA,92101,555-6708,Investment Bank,Operations Manager,0x093d614695a5f341982eafec2535a8cf5b968706,334.09,2024-07-13
117,2PQUL5JZ,Dennis,Chen,189 Spruce Way,,Austin,TX,78701,555-2357,Tech Startup,Site Supervisor,0x6017210e5d9d04bd0bee39ebbb4a25a7f9e4c0dd,1218.75,2024-07-17
118,BN9ZJEK0,Benjamin,Miller,739 Birch Street,,San Jose,CA,95101,555-3542,Telecom Company,Real Estate Agent,0x84f9d70c91b2f60c448b97c20fb50065ed7f4cc2,914.5,2024-07-19
119,F8M7G9DL,Susan,Diaz,954 Elm Boulevard,,Nashville,TN,37201,555-2828,Music Label,Research Scientist,0xa51697eeedfb8e9d5af175aab64d1c1170dbf12e,147.46,2024-07-22
120,OWPDCNSA,Michelle,Hayes,973 Ash Court,,Fort Worth,TX,76101,555-8237,Investment Bank,Software Engineer,0xdfc346b38246a7f4e673a6d6304ba681057561b5,1355.48,2024-07-23
121,BIKJ52AQ,Charlotte,Chen,472 Maple Court,Unit 13D,Chicago,IL,60601,555-8618,Sports Management,Real Estate Agent,0x0f35d7146c2e374b0937ce698d42bb632c70ed81,302.15,2024-07-23
122,KMN9ELGG,Sara,Vasquez,949 Willow Drive,,Milwaukee,WI,53201,555-4727,Music Label,Software Engineer,0xc6e6bd0e707daa49a2b682a80d8a57e607c9e38e,507.67,2024-07-24
123,VXAQ4IID,Noah,Vasquez,813 Ash Boulevard,,San Francisco,CA,94102,555-3650,Telecom Company,Teacher,0x16f530f01f1116cfd3c5c022aab6f0441df82fbd,1466.18,2024-07-24
124,3MYBZPJ9,Carol,Johnson,314 Pine Lane,,Philadelphia,PA,19101,555-6041,Sports Management,Engineer,0x4578861245ae03df3909d210842d467976291fe5,1669.42,2024-07-25
125,U22P0A4G,Charlotte,Aguilar,776 Oak Place,,Anaheim,CA,92801,555-2564,Sports Management,Project Manager,0x31eda11686c47c6ce67f545f67623e233a295489,993.85,2024-07-25
126,3ZKCNLYY,Stephanie,Evans,224 Elm Lane,,Fresno,CA,93701,555-3524,Gaming Studio,Attorney,0x7aa65b7fb0109ad848527a8f9771c29df78e6fd7,3299.55,2024-07-29
127,V3MEWMIB,Richard,Perry,749 Pine Court,Unit 2,Houston,TX,77001,555-7200,Food Services,Attorney,0x1c76af4858fb2bf47d806117b433252f6df240cf,863.96,2024-08-02
128,LT5YGESQ,Heather,Watson,605 Cedar Place,Suite 11B,Raleigh,NC,27601,555-8982,Tech Solutions Inc,Creative Director,0x0ef0a3cf41099ff0370fec537266e33bb193ffcf,811.15,2024-08-05
129,KQIIPUPB,Andrea,Watson,528 Birch Street,Unit 19C,Fresno,CA,93701,555-4895,Tech Solutions Inc,Producer,0x83a0b9fc0683f66235f5a10affb7d1d7be65ba5a,898.94,2024-08-05
130,FWYUH5HZ,Sophia,James,869 Willow Street,Apt 3A,San Jose,CA,95101,555-9503,Healthcare Partners,CEO,0x69ce55f1b440b11a32cd7ebd657b981aa3a88aa8,1796.63,2024-08-10
131,V6YR2VIQ,George,Patel,340 Willow Place,Unit 12,Denver,CO,80201,555-4765,Hospital Network,Pharmacist,0xd26dd943f61a6c1254f148e1ff8971dccd051146,1770.13,2024-08-11
132,VPRPDFRK,Dennis,Kennedy,536 Elm Street,,Las Vegas,NV,89101,555-6049,Fashion House,Teacher,0xd9695fa9149cbfdd8c75a72588a4ca92a3b117a5,594.96,2024-08-12
133,T3OAEB3E,Charlotte,Kelly,928 Oak Way,,Houston,TX,77001,555-2503,Art Gallery,CPA,0x1e64dd35f4defceea0351705533b6fe4d4a54d1a,10.73,2024-08-15
134,Y0A4GCHY,Brandon,Kim,395 Spruce Circle,Unit 17A,San Antonio,TX,78201,555-5033,Construction Co,Agent,0x8deb771df348a346e9665651642b84e7612a8cfa,789.78,2024-08-15
135,3MYBZPJ9,Carol,Johnson,314 Pine Lane,,Philadelphia,PA,19101,555-6041,Sports Management,Engineer,0x4578861245ae03df3909d210842d467976291fe5,1629.58,2024-08-17
136,FCPJ4T0A,Charles,Reyes,273 Cedar Court,Apt 17,Boston,MA,02101,555-2109,Travel Agency,Security Consultant,0x4ca8c1ea0324538018d71b219d01121f44802ea4,811.88,2024-08-17
137,8H68I9A7,Zachary,Simmons,554 Pine Place,,Portland,OR,97201,555-7442,Media Productions,Designer,0x8774d1c6bbf3c427725fd2b990f169f3792581ec,896.38,2024-08-19
138,1VTXHOVE,Mary,Griffin,758 Cedar Drive,,New York,NY,10001,555-9965,Tech Solutions Inc,Attorney,0x5d80f366d3e403f877023b8fef5b8db4421aa091,1739.8,2024-08-20
139,ETQ4A0MC,George,Hayes,788 Oak Street,,Philadelphia,PA,19101,555-9837,Retail Chain,Underwriter,0x3ad706f1fb16f02d574548d6ece4cdc7c4b71c7d,956.92,2024-08-20
140,EOA89JQR,Kevin,Cooper,568 Birch Drive,,Charlotte,NC,28201,555-7208,Real Estate Group,Creative Director,0x25a81d9a08710762512088f686cb2a11cb08d3aa,37.34,2024-08-23
141,EIBZFFHN,Ruth,Owens,657 Elm Boulevard,,Cleveland,OH,44101,555-4789,Tech Solutions Inc,Restaurant Owner,0x72964cb2e2699a2dbbf456ceee7dacda44da9b80,41.83,2024-08-24
142,GLSEX3RD,Anthony,Patel,659 Birch Street,,Boston,MA,02101,555-2854,Pharmacy Chain,Designer,0x2a64f7bb981a38dac719b003e6b397db240abb4a,854.11,2024-08-25
143,89CMLQ63,Rebecca,Jordan,622 Maple Road,,Philadelphia,PA,19101,555-6364,Healthcare Partners,Professor,0x4a34c7bdb12ba3930b4f2801cb5b0c93af56b537,518.18,2024-08-25
144,XW302M2V,Emma,Collins,727 Willow Boulevard,,Omaha,NE,68101,555-7411,Insurance Corp,Restaurant Owner,0x96afedef0e3d47eed2c5089a3c77c9433a5d55f3,793.62,2024-08-29
145,OTBEOGIR,Amanda,West,774 Ash Street,Floor 12B,Charlotte,NC,28201,555-5523,Film Studio,Teacher,0xb40ac5b4fbb12a16a036cd2251524f74e67edf23,849.83,2024-08-30
146,C99FD0WM,Susan,Ramirez,971 Spruce Court,,Tampa,FL,33601,555-1572,Auto Industries,Project Manager,0xe0493f4d230fbb06510b6314e239317ece100144,219.96,2024-09-02
147,EGCUQSJ6,Nathan,Jones,799 Ash Place,,Minneapolis,MN,55401,555-6887,Art Gallery,Project Manager,0xe35eb7275294e6c56afcb2ce3631fd87ed16f91e,911.19,2024-09-04
148,D4KMZPDR,John,Marshall,733 Poplar Circle,Apt 2C,Las Vegas,NV,89101,555-9207,Construction Co,Director,0x4e2610b1417a9e4a332dfd2f7c9cd7a71e09cdac,820.56,2024-09-11
149,WTKHNAZW,Tyler,Adams,538 Pine Drive,,Honolulu,HI,96801,555-9026,Healthcare Partners,Engineer,0xe23ce54ff4ff2439fdde6fbc43f32cf76277bbf3,575.65,2024-09-13
150,QNIK9137,Ruth,Castillo,295 Willow Way,,Sacramento,CA,95801,555-6299,Nonprofit Org,Architect,0x429a00449459ca69b289186fd69bb8d99609959e,3299.84,2024-09-14
151,DMDT7SNV,Dennis,Jackson,653 Cedar Place,,Fresno,CA,93701,555-5858,Architecture Firm,Financial Analyst,0xab8ae0c9c2bcfcd1a1d2c470726590abdc7b42b2,1931.39,2024-09-15
152,NPRNMY4U,Amanda,Fernandez,294 Willow Drive,,Omaha,NE,68101,555-7425,Tech Solutions Inc,Attorney,0xb3e7c95cc76bd535b1369a9d48ffe8a8a4a3a6b7,45.26,2024-09-17
153,M7SNFIY3,Hannah,Woods,216 Spruce Way,,Boston,MA,02101,555-1214,Hotel Chain,Underwriter,0xa0248529dc5bf1a7ee913e470d88d4ed96744a6c,573.22,2024-09-17
154,YFAU1TBD,Amy,Reed,593 Birch Circle,,Cleveland,OH,44101,555-4412,Telecom Company,Attorney,0x73f8cd6698ad884f40e02888691e0096c62883e8,36.96,2024-09-26
155,IZZZXXH2,Brittany,Cook,296 Maple Boulevard,Unit 15B,New York,NY,10001,555-2747,Sports Management,Producer,0xa713dd62d42e06b1b4cb3f2f013c508b1e41da62,1433.53,2024-09-27
156,7Y6HI04S,Scott,Bell,120 Cedar Court,,Columbus,OH,43201,555-1727,Logistics Co,Product Manager,0xc35a158bfc9957ec35229112741f64942abbb36b,128.88,2024-09-28
157,JPG2EBWF,Brittany,Hamilton,159 Elm Boulevard,,Portland,OR,97201,555-2936,Airlines,CEO,0x05645b4fb088df89ea8e1312f7a3a10eeb785f6b,1947.9,2024-09-28
158,BXCCT17O,Sara,Anderson,165 Oak Lane,Unit 16A,San Diego,CA,92101,555-5573,Film Studio,Operations Manager,0x23b85badc811ea5160612fee46fe033bcc842d54,707.31,2024-09-28
159,E0QIM197,Raymond,Tran,591 Poplar Way,,Charlotte,NC,28201,555-6800,Hospital Network,Consultant,0xe9cd7aa390c37c805be81281d2dbcc2f87a6b8a4,19.32,2024-09-29
160,AP4SH8KJ,Jack,Hayes,490 Spruce Road,Floor 6,Detroit,MI,48201,555-3058,Architecture Firm,Creative Director,0x4f7cbe911f229af59b59933f29d47d3294e1f910,1658.64,2024-09-30
161,LFU0TPM0,Sara,Coleman,864 Oak Lane,Unit 15B,Austin,TX,78701,555-5254,Construction Co,Software Engineer,0x036c512f46d765956869b2d40e8accf9ff9c8613,1569.91,2024-10-01
162,M22SMOJS,Stephen,Ward,620 Birch Lane,Unit 17B,San Antonio,TX,78201,555-1782,Consulting Firm,Engineer,0x813389e2380a9b638316362b070c19bca9955689,436.81,2024-10-02
163,GLSEX3RD,Anthony,Patel,659 Birch Street,,Boston,MA,02101,555-2854,Pharmacy Chain,Designer,0x2a64f7bb981a38dac719b003e6b397db240abb4a,985.95,2024-10-07
164,K9DQG0A3,Jeremy,Griffin,963 Maple Avenue,Suite 5,Raleigh,NC,27601,555-4910,Accounting Firm,Software Engineer,0x86cf43195ee25dab7e4b0da464fc250638be3462,1563.5,2024-10-07
165,D4KMZPDR,John,Marshall,733 Poplar Circle,Apt 2C,Las Vegas,NV,89101,555-9207,Construction Co,Director,0x4e2610b1417a9e4a332dfd2f7c9cd7a71e09cdac,1012.92,2024-10-09
166,SJTVFVB0,Deborah,Nguyen,609 Pine Circle,,Charlotte,NC,28201,555-7868,Education First,Software Engineer,0x1faa993bad304b35f13dcee234392df2f3b90617,69.8,2024-10-13
167,YDJM4G6H,Eugene,Nelson,855 Ash Road,,Portland,OR,97201,555-8956,Retail Giants,Architect,0x718113be3ad96f60385ff9344640c73e25d25765,20.04,2024-10-15
168,QC3S78YD,Jennifer,Vargas,613 Pine Way,,Miami,FL,33101,555-7513,Pharmacy Chain,CPA,0x4c1e27a0b54c139d71fb26e36844d22f93aa4cf3,375.19,2024-10-15
169,KMFOSQ9O,Nicholas,Hughes,173 Birch Court,,Milwaukee,WI,53201,555-7691,Tech Startup,Software Engineer,0x70ec3b64e8ecfb732b3eeea4ee8d0cc5a050055c,195.89,2024-10-15
170,AP4SH8KJ,Jack,Hayes,490 Spruce Road,Floor 6,Detroit,MI,48201,555-3058,Architecture Firm,Creative Director,0x4f7cbe911f229af59b59933f29d47d3294e1f910,352.64,2024-10-16
171,XW302M2V,Emma,Collins,727 Willow Boulevard,,Omaha,NE,68101,555-7411,Insurance Corp,Restaurant Owner,0x96afedef0e3d47eed2c5089a3c77c9433a5d55f3,1097.92,2024-10-22
172,9JPPXXZE,Charlotte,Wells,538 Spruce Avenue,,Chicago,IL,60601,555-1134,University,Consultant,0x5cde675d9ed83380ca00a447ab984db9c0d3981a,540.06,2024-10-22
173,9JPPXXZE,Charlotte,Wells,538 Spruce Avenue,,Chicago,IL,60601,555-1134,University,Consultant,0x5cde675d9ed83380ca00a447ab984db9c0d3981a,1816.72,2024-10-24
174,EOP0RWRO,Helen,Baker,116 Elm Avenue,,Charlotte,NC,28201,555-1093,Film Studio,Agent,0xf0a6904f179b5cccd9abb57ce3890745e1bb6cf2,589.23,2024-10-26
175,5IHZRG4O,Alexander,Nguyen,636 Maple Way,,New York,NY,10001,555-6943,Auto Industries,CEO,0x253388843aa51c720f6787dc35a3f541047a46a9,767.81,2024-10-27
176,PK7M5CYL,Gregory,Jenkins,939 Poplar Avenue,,Los Angeles,CA,90001,555-8430,Music Label,Professor,0x451206a32e3cdb54034607fcc15ae4faa519cee6,433.12,2024-11-02
177,T8UUGKEH,Julie,Kim,220 Willow Way,,Indianapolis,IN,46201,555-3716,Nonprofit Org,Security Consultant,0x4fc80d6a55925a5b5b8e3ae9c6fa56c9cf9bff5b,3300,2024-11-07
178,V3MEWMIB,Richard,Perry,749 Pine Court,Unit 2,Houston,TX,77001,555-7200,Food Services,Attorney,0x1c76af4858fb2bf47d806117b433252f6df240cf,128.85,2024-11-08
179,FZY1OK53,Gerald,Bailey,316 Birch Lane,,New York,NY,10001,555-4231,Film Studio,Underwriter,0x4dcbbb517db46434d86ab320d7f33c5b7b24c8e9,327.56,2024-11-09
180,U6NQV6BX,Joseph,Edwards,108 Cedar Avenue,,Detroit,MI,48201,555-3979,Healthcare Partners,Network Engineer,0x90ec8941158a155fa43c5380f310082694f3350f,179.71,2024-11-10
181,UULAEUSF,Katherine,Medina,392 Maple Circle,,Kansas City,MO,64101,555-6505,Financial Advisory LLC,Physician,0xf9ffe8604491a3bbdbbcd10ef5c1bb27ca066401,291.28,2024-11-10
182,2TJUI40V,Carolyn,Williams,323 Ash Way,,Milwaukee,WI,53201,555-8189,Tech Startup,Designer,0xc314a1b0300b7bb183fa4fa72327b992d7b4c803,58.07,2024-11-11
183,GUE158T6,Donald,Sanchez,593 Oak Circle,,Miami,FL,33101,555-4116,Gaming Studio,CPA,0x0c3479ffedfce359043d0c52acfdbd734842db26,1622.9,2024-11-12
184,T65M28Z3,Brandon,Wood,782 Oak Circle,Suite 17B,Charlotte,NC,28201,555-3539,Music Label,Engineer,0x71283c24e1df5073f8eb52feb48bd5680ffc3ecb,1790.27,2024-11-13
185,D9CLQHB1,Isabella,Ellis,336 Oak Boulevard,,Los Angeles,CA,90001,555-6167,Travel Agency,Producer,0x8778637aa0f7b0f098e8d8fd6aea1b4be8130f6f,724.13,2024-11-14
186,8HMDGSZC,Michelle,Jenkins,388 Pine Street,,San Francisco,CA,94102,555-5756,Logistics Co,Game Developer,0xce7368011f0d4c47c288448edd4b44236327976a,1939.77,2024-11-19
187,FDMKQED8,Victoria,Johnson,435 Cedar Way,Suite 3A,Sacramento,CA,95801,555-7872,Publishing House,Systems Analyst,0xa0e522d400abacda16bc0f23af0ea42ec991324e,273.43,2024-11-25
188,AMNKHZ1B,Jennifer,Mendoza,124 Pine Way,,Milwaukee,WI,53201,555-6978,Food Services,Operations Manager,0x3db59b0ecfdccda46e37fca7df83f9f66f45f2c1,192.5,2024-11-25
189,N6Z37BFH,Joshua,Hall,765 Pine Circle,,Boston,MA,02101,555-9828,Travel Agency,Restaurant Owner,0x5a7484093ea1c9f0ba6f92ecb04c5d31855b5edb,1599.47,2024-11-26
190,G2EY457P,Maria,Patel,585 Ash Road,Unit 16C,Philadelphia,PA,19101,555-3900,Travel Agency,Software Engineer,0x5bb8c5e66c45b686c8fcfe1dcf922b8be1c0cc65,377.14,2024-11-27
191,5W2GH215,Jacqueline,Ruiz,634 Maple Drive,,Minneapolis,MN,55401,555-2653,Consulting Firm,Site Supervisor,0xa6f73db471dfbf4fcdbc146bca6f57b4e4a21f36,1013.26,2024-11-27
192,M57JWYHO,Mark,Kim,855 Poplar Way,,Tucson,AZ,85701,555-3690,Retail Giants,Director,0x3a5054038cd2fc7a7853c57d8954649a7250c2e2,1687.01,2024-11-28
193,QZJ4A5RX,Andrea,Gibson,110 Spruce Road,,Houston,TX,77001,555-8892,Hotel Chain,Teacher,0x6488c9349a0ac14172e8cc8672b8c5373d79ebf4,925.77,2024-11-28
194,NGX9HRGV,Diane,Morales,396 Oak Road,Apt 4C,Portland,OR,97201,555-3456,Retail Chain,Producer,0x2f9aa73566c8e49df152e96c4fdf6405e02938a2,16.83,2024-11-30
195,OWPDCNSA,Michelle,Hayes,973 Ash Court,,Fort Worth,TX,76101,555-8237,Investment Bank,Software Engineer,0xdfc346b38246a7f4e673a6d6304ba681057561b5,538.37,2024-11-30
196,UG1P460X,Samuel,Martin,498 Pine Circle,,Chicago,IL,60601,555-4625,Food Services,Security Consultant,0xe2026c7617466af6b694e2f57ceee189ae685bdd,1108.98,2024-12-04
197,O1SLGDF6,Rachel,Ortiz,659 Birch Drive,,Detroit,MI,48201,555-8672,Fashion House,Partner,0x1a8964573d6d1d28b950996362d9f6da2b38885e,3299.91,2024-12-05
198,ZF5RXT8R,Kevin,Jackson,790 Willow Lane,,Oakland,CA,94601,555-7366,Education First,Research Scientist,0x4370343fee9ccbba3333a74348800b5e05ebe661,630.77,2024-12-06
199,CPE2M3BW,Brenda,Cruz,348 Pine Street,,Austin,TX,78701,555-6380,Consulting Firm,CEO,0x3214a9b9e68f3fc25f06df837bb5036fbcb9c60f,10.47,2024-12-07
200,8KAP8OKK,Jennifer,Williams,173 Pine Court,,Sacramento,CA,95801,555-5736,Energy Company,Software Engineer,0x947d80c2e24bddd798547911375235b11956d6e8,460,2024-12-08
201,GENYJC9J,Peter,Moreno,919 Ash Way,,Phoenix,AZ,85001,555-6819,Construction Co,Editor,0x36bf71066dd6fc93456d0643b228b8278086bdce,3300,2024-12-10
202,WTNAVWP5,Debra,Bell,892 Pine Avenue,,Albuquerque,NM,87101,555-7800,Music Label,Engineer,0x67a131c6035aba27743a288b9ea9638c735fb182,1784.09,2024-12-10
203,VPRPDFRK,Dennis,Kennedy,536 Elm Street,,Las Vegas,NV,89101,555-6049,Fashion House,Teacher,0xd9695fa9149cbfdd8c75a72588a4ca92a3b117a5,747,2024-12-10
204,GJ360Y0R,Patricia,Simmons,806 Poplar Drive,,San Jose,CA,95101,555-8119,Pharmacy Chain,Partner,0x4aef4b40363280778215fedef79b1f52fc74cc68,38.28,2024-12-11
205,UWTXU6QO,Julia,Moore,634 Willow Way,,San Francisco,CA,94102,555-7038,Construction Co,Director,0x1ef9abf4c32324319db56d3c97a2f2b675654f31,48.2,2024-12-13
206,VLI8N7T0,Dennis,Roberts,858 Willow Place,Unit 2A,Virginia Beach,VA,23451,555-8252,Construction Co,Engineer,0x915cae980ea6f1dc227290e763860c6edfed97be,1730.25,2024-12-14
207,6OFTWGZ6,Mark,Gray,354 Maple Road,,San Antonio,TX,78201,555-1588,Airlines,Engineer,0x1bc03a152f48c8cdd240a373b79fa1fd6d46b0f5,694.9,2024-12-16
208,C3Z2QOV8,Kyle,Rivera,689 Willow Road,Unit 11B,San Jose,CA,95101,555-5266,Real Estate Group,Physician,0x7b4e9fcadf8ca8d10d80f3fe649d7329efd1dffe,238.57,2024-12-18
209,OWPDCNSA,Michelle,Hayes,973 Ash Court,,Fort Worth,TX,76101,555-8237,Investment Bank,Software Engineer,0xdfc346b38246a7f4e673a6d6304ba681057561b5,587.14,2024-12-22
210,HOMDYJ6X,Jessica,Hernandez,573 Oak Circle,,Jacksonville,FL,32201,555-2695,Music Label,Mechanical Engineer,0x4fe076c393985d328c46384018b77ec09fadb831,16,2024-12-23
211,EWTKJQKB,Abigail,Rogers,686 Cedar Boulevard,,Kansas City,MO,64101,555-6400,Accounting Firm,Creative Director,0x7af1ee0eb41c03b1e8c9a97ab204c0518581c95e,14.14,2024-12-24
212,TE036S5O,Douglas,Peterson,309 Willow Place,,Atlanta,GA,30301,555-7360,Tech Solutions Inc,Agent,0x98c9e31d5cefdb7491465fa1ea6140a6eaa89f26,830.93,2024-12-25
213,ZDLSNM46,Dennis,Lee,177 Poplar Way,Apt 12A,Omaha,NE,68101,555-2455,Law Associates,Editor,0xd3dedbb4a6bce1644f25ba9ceb57e31d515376c1,242.39,2024-12-25
214,Y7YXP2TQ,Mason,Taylor,825 Birch Drive,Unit 2B,San Jose,CA,95101,555-3169,Airlines,Mechanical Engineer,0x1a266923ce883405ef40730b8973cd7781442039,801.54,2024-12-27
215,C99FD0WM,Susan,Ramirez,971 Spruce Court,,Tampa,FL,33601,555-1572,Auto Industries,Project Manager,0xe0493f4d230fbb06510b6314e239317ece100144,51.43,2024-12-27
