id,unique_id,first_name,last_name,address_line_1,address_line_2,city,state,zip,phone,employer,occupation,wallet
1,528KDAEQ,Marie,Ford,867 Spruce Boulevard,Unit 6A,Minneapolis,MN,55401,555-8727,Logistics Co,CPA,0x389823300130cdcaf022b7d3d1c878ce15441133
2,KGXWR2WG,Kenneth,Hughes,443 Birch Drive,,San Antonio,TX,78201,555-4882,Healthcare Partners,Network Engineer,0xcaf899f8d2a7c35cbb337507657ae93ddd4cab77
3,N8L248JX,Keith,Herrera,205 Elm Way,,Fresno,CA,93701,555-5504,Security Firm,Designer,0x1c15b273a40f0ec7156240ef5649957a91c3be31
4,GMC4HU1A,Chloe,Washington,137 Elm Road,,Houston,TX,77001,555-8722,Hospital Network,Real Estate Agent,0x72b6fbbefe9c2189db481e1d965db73185cf4ce6
5,FPZLFMHR,Nathan,Harrison,591 Ash Avenue,Suite 7A,Detroit,MI,48201,555-5954,Education First,Real Estate Agent,0x3d952cd9aa7983084912522abd41abd9caa1c11a
6,M65RJT76,Larry,Washington,103 Cedar Way,,Minneapolis,MN,55401,555-2965,Architecture Firm,Producer,0x29e23b3764a9a3fa6d1d8b9db63ea2cbcd964090
7,0R17I15A,Richard,James,658 Oak Street,,Oakland,CA,94601,555-8020,Accounting Firm,Product Manager,0x511446388a9ec4cac4672ae181f1b12410db5150
8,JTFTYIIW,Katherine,Morales,676 Birch Avenue,,Raleigh,NC,27601,555-1281,Consulting Firm,Teacher,0xa1a3f04ca212c098bc5b61c33ad20991cf2a5aa5
9,H1TMJONR,William,Martinez,904 Willow Road,,San Diego,CA,92101,555-6708,Investment Bank,Operations Manager,0x093d614695a5f341982eafec2535a8cf5b968706
10,GKFZ8VML,Benjamin,Gonzalez,228 Birch Avenue,Suite 14,Portland,OR,97201,555-2045,Tech Startup,Pharmacist,0xd31d13c11820e496c395ccc87d0f9e3521a457bb
11,SHCMURR9,Roger,Simmons,499 Spruce Avenue,,Las Vegas,NV,89101,555-4838,University,Designer,0x81dc2a10585031750230116e9f3af7cdb76f19c4
12,5CGDJPQM,Kyle,Aguilar,943 Cedar Way,,New York,NY,10001,555-2487,Publishing House,Underwriter,0x95cdc33cd55a73f43c543223cfd76c6ab14c8d78
13,AKFNUF1V,Denise,Walker,354 Cedar Boulevard,Unit 7B,Jacksonville,FL,32201,555-1048,Aerospace Corp,Pilot,0xd4b964e186fa469c3c7a2de8a135d1b211d2b063
14,AYS92TUR,Janet,Butler,469 Maple Place,,Chicago,IL,60601,555-4113,Global Marketing Corp,Director,0xcfb51711a19426a0ada164d078f3e4f75005bcf5
15,U6NQV6BX,Joseph,Edwards,108 Cedar Avenue,,Detroit,MI,48201,555-3979,Healthcare Partners,Network Engineer,0x90ec8941158a155fa43c5380f310082694f3350f
16,C99FD0WM,Susan,Ramirez,971 Spruce Court,,Tampa,FL,33601,555-1572,Auto Industries,Project Manager,0xe0493f4d230fbb06510b6314e239317ece100144
17,YPJMUPXG,Dorothy,Chen,938 Maple Drive,Floor 4B,San Diego,CA,92101,555-3695,Tech Solutions Inc,Partner,0x873671db63dd44fa0122b173e11a9243bee13f1d
18,Y6GLY6OI,Deborah,Hamilton,688 Ash Road,,Milwaukee,WI,53201,555-5316,Global Marketing Corp,Site Supervisor,0x6e03c67550c7202db0791a948ad7aeb4f35083b8
19,WVD3JZ0S,Janet,Hamilton,616 Poplar Way,,Detroit,MI,48201,555-5176,Media Productions,Network Engineer,0x5f29d7266520f905a7ed3dc31fee98e81cd72907
20,RVH47UAR,Nancy,Wood,328 Pine Road,,Denver,CO,80201,555-8793,Hotel Chain,Mechanical Engineer,0x5b5217434abc0285bc3bfabfd4a86d5ef1aab382
21,RO8MLSLJ,Dorothy,Nguyen,682 Willow Road,Unit 10B,Anaheim,CA,92801,555-6003,Logistics Co,Engineer,0x5e704f4ffe03c484b389e71c4148eed9596195db
22,WFRQN256,Joseph,Hamilton,887 Spruce Place,Floor 1D,Milwaukee,WI,53201,555-3108,Art Gallery,Editor,0xc28211cd684e6aacd6c870fdbd8e2eadd26a4d1b
23,RHYYRN52,Scott,Parker,774 Poplar Way,,San Jose,CA,95101,555-9946,Telecom Company,Product Manager,0xd9c2b554264354ab4d848973bb94f8833194a3dd
24,OW0EVOMW,Carol,Lewis,589 Maple Road,,Houston,TX,77001,555-7248,Retail Chain,Project Manager,0xc89a538d92fcdfb3898a129212d42b9b3527448a
25,N1K17R1C,Nicholas,Anderson,429 Pine Avenue,Unit 6B,Denver,CO,80201,555-6182,Accounting Firm,Producer,0x7f1f1ad49342f1014031d75e68def22405c199e0
26,ATY1MTAX,Mason,Jackson,289 Poplar Drive,,Virginia Beach,VA,23451,555-2761,Tech Startup,CPA,0xe72a9b0a646bbd26834bc1375e5190f0d59bf2f7
27,T8UUGKEH,Julie,Kim,220 Willow Way,,Indianapolis,IN,46201,555-3716,Nonprofit Org,Security Consultant,0x4fc80d6a55925a5b5b8e3ae9c6fa56c9cf9bff5b
28,09YZMK00,Susan,Thomas,101 Oak Place,Floor 5,Austin,TX,78701,555-5566,Food Services,Operations Manager,0xdb2581b00532cc8d7dade56ecbe882f407f8dafd
29,R777W9HK,Gary,Fernandez,147 Elm Circle,,Washington,DC,20001,555-2732,Telecom Company,Site Supervisor,0xc1ab1b721127e5f5979f1ac7b13c8b641d512736
30,6H1RMG77,Kelly,Diaz,509 Pine Circle,,Atlanta,GA,30301,555-6981,Hospital Network,Systems Analyst,0xb04cd64de83f984a0587cf8c4af20c920e8fcc4a
31,56ZDXBGG,Diane,Castro,152 Birch Road,,San Francisco,CA,94102,555-1388,Sports Management,Designer,0xd5c3f5602692ee8ca8591ce4aef064338dd8db52
32,OZFQJHBH,Sara,Henry,555 Willow Circle,Floor 17C,Houston,TX,77001,555-6106,Energy Company,Travel Agent,0x9f70bcd17cd3dde199eceac070dd4333cfeb2b9b
33,D642SV9S,Dorothy,Thompson,911 Oak Court,,Fresno,CA,93701,555-1689,Auto Industries,Editor,0x4b7c56f48a7c6f247dfdaa847200b9a6734f80cb
34,3KNRV10C,Mia,Wallace,240 Maple Lane,,Denver,CO,80201,555-3479,Accounting Firm,Editor,0xbf3310854a0698b75b94a53fbb1b103bd74452da
35,0BDMAU6J,Nicholas,Nguyen,629 Oak Lane,,Virginia Beach,VA,23451,555-8654,University,Restaurant Owner,0xbffd588a983db6eeb7f45db56de275b0a1ff3d51
36,NJ6HCP2U,Jacob,Price,629 Willow Way,Suite 7,San Diego,CA,92101,555-8692,Insurance Corp,Consultant,0xf7d49586e5950b57a0a1a27ff2132256ade4c2e4
37,BELZFATP,Dennis,Campbell,500 Cedar Circle,,Houston,TX,77001,555-5231,Consulting Firm,Editor,0x0eab408c7f6720241267bf93385746c0b09d8ab2
38,M7SNFIY3,Hannah,Woods,216 Spruce Way,,Boston,MA,02101,555-1214,Hotel Chain,Underwriter,0xa0248529dc5bf1a7ee913e470d88d4ed96744a6c
39,UG1P460X,Samuel,Martin,498 Pine Circle,,Chicago,IL,60601,555-4625,Food Services,Security Consultant,0xe2026c7617466af6b694e2f57ceee189ae685bdd
40,O519XXZ0,Susan,Scott,175 Poplar Boulevard,,Charlotte,NC,28201,555-9315,Sports Management,Software Engineer,0x9438b6338433c17b9923cd46fe6fce408257e854
41,BGMOP7U9,Joseph,Chen,556 Maple Street,,Washington,DC,20001,555-6047,Real Estate Group,Director,0x123aea2d83f33f9639ec7ab0f6308bfd804d4e59
42,VI4XLMGC,Frank,Baker,343 Cedar Drive,,Portland,OR,97201,555-7811,Auto Industries,Systems Analyst,0xb0e02414ca276ec9025174a41c9f5d7c393d3735
43,Z3BKXSJK,Mark,Moore,208 Elm Boulevard,,Columbus,OH,43201,555-6503,Music Label,Systems Analyst,0x3d7fac4b6a60d79a8c3056174abcd70de2aa7178
44,PYU7VDP8,Christine,Washington,104 Pine Drive,Unit 15A,Charlotte,NC,28201,555-5974,Nonprofit Org,Producer,0x5246d0a65978e9bd34c7aa7a52354b9f49797a80
45,B2NUAT8F,Anthony,Flores,284 Poplar Lane,Apt 16,Milwaukee,WI,53201,555-1107,Film Studio,Security Consultant,0xc47c735676f830266f075500607c8b6dcf74100d
46,SR0XIYE7,Evelyn,Morgan,437 Willow Place,,Boston,MA,02101,555-5917,Healthcare Partners,Agent,0x8e6c80e2ca5ea6ce98f0d1e345de35833f3c6daf
47,J22GVCNA,Peter,Flores,922 Willow Lane,Floor 10B,Chicago,IL,60601,555-7069,Healthcare Partners,Administrator,0xb3da7e4ebf6ffd2af197ee1c07f82a269975900b
48,M57JWYHO,Mark,Kim,855 Poplar Way,,Tucson,AZ,85701,555-3690,Retail Giants,Director,0x3a5054038cd2fc7a7853c57d8954649a7250c2e2
49,88V3LGC5,John,Graham,627 Cedar Boulevard,Unit 10D,Nashville,TN,37201,555-6740,Logistics Co,Editor,0x62ed640cbb563552f7b7fe4bceea4e207e63ac12
50,LZ5I9SHV,Albert,Baker,381 Willow Drive,Suite 15B,San Jose,CA,95101,555-7631,Education First,Financial Analyst,0x59324ae958fcda4f8da60947a4b7b7b61d0d8c95
51,V3MEWMIB,Richard,Perry,749 Pine Court,Unit 2,Houston,TX,77001,555-7200,Food Services,Attorney,0x1c76af4858fb2bf47d806117b433252f6df240cf
52,KMFOSQ9O,Nicholas,Hughes,173 Birch Court,,Milwaukee,WI,53201,555-7691,Tech Startup,Software Engineer,0x70ec3b64e8ecfb732b3eeea4ee8d0cc5a050055c
53,I3CLB3U4,Nathan,Bailey,731 Oak Way,,Seattle,WA,98101,555-1803,Logistics Co,CEO,0x4a59d912a286645b5eb383d809755d8e03b383ae
54,Z7D01HCO,Maria,Lopez,287 Poplar Way,Unit 7A,Las Vegas,NV,89101,555-4347,Aerospace Corp,Software Engineer,0x91032e1c241eb232473f3207c126a8ad63142151
55,OTBEOGIR,Amanda,West,774 Ash Street,Floor 12B,Charlotte,NC,28201,555-5523,Film Studio,Teacher,0xb40ac5b4fbb12a16a036cd2251524f74e67edf23
56,VXAQ4IID,Noah,Vasquez,813 Ash Boulevard,,San Francisco,CA,94102,555-3650,Telecom Company,Teacher,0x16f530f01f1116cfd3c5c022aab6f0441df82fbd
57,IWDDS5E2,Martha,Griffin,365 Poplar Drive,,Sacramento,CA,95801,555-1364,Pharmacy Chain,Product Manager,0x56dbb7022afe7471367af04b2e335b6933347610
58,PRQ7DN55,Gary,Richardson,338 Willow Circle,,Tucson,AZ,85701,555-5831,Airlines,Attorney,0xa4c74717998c823cecf4c2c3a33090f19d4c42bf
59,PK7M5CYL,Gregory,Jenkins,939 Poplar Avenue,,Los Angeles,CA,90001,555-8430,Music Label,Professor,0x451206a32e3cdb54034607fcc15ae4faa519cee6
60,88WA7AE6,Rachel,Rivera,678 Maple Circle,,Seattle,WA,98101,555-1161,Energy Company,CPA,0xc48b54d557d3c9529c23d177cfffed245a7d2d84
61,6B79XWGZ,Charlotte,Thomas,770 Elm Avenue,,Nashville,TN,37201,555-8609,Telecom Company,Security Consultant,0x2927d35d2a3924e9c512cdd57324ab667d9b5240
62,G3X14JZS,Sarah,Stewart,203 Pine Way,,Phoenix,AZ,85001,555-9630,Fashion House,Underwriter,0xd12ebf99165be63efdae3643b594908a5ba40f94
63,A6PP7PTU,Harold,Kelly,157 Cedar Street,,Houston,TX,77001,555-9405,Investment Bank,Director,0x4c68a3c25f3972a52ee41fcc206a491d10a86093
64,LFU0TPM0,Sara,Coleman,864 Oak Lane,Unit 15B,Austin,TX,78701,555-5254,Construction Co,Software Engineer,0x036c512f46d765956869b2d40e8accf9ff9c8613
65,SM4CDJVD,Helen,Marshall,740 Pine Place,Unit 1C,Las Vegas,NV,89101,555-8336,Financial Advisory LLC,Pharmacist,0xc58fab270324ae5f7cb4ec889b9556ebdcc82ff0
66,E74CP3JL,Ruth,Reynolds,197 Spruce Court,,Washington,DC,20001,555-8006,Investment Bank,Attorney,0x6e83310679316490554256c2ebe2794384f696b4
67,CLXQWT3A,Ruth,Ward,871 Poplar Place,Apt 3B,Washington,DC,20001,555-9507,Publishing House,Network Engineer,0xdffab27435ec99602c08bbbceeb6b8965111e380
68,K0BXXNX8,Janet,Medina,304 Birch Lane,,Virginia Beach,VA,23451,555-6835,Pharmacy Chain,Creative Director,0x0414ee77c70a4b177476bb8a62030ad6e7a9c903
69,SZ0U7SDI,Eugene,Lopez,689 Oak Circle,,Portland,OR,97201,555-6499,Energy Company,Producer,0x2ed80c2060b0bcb884633300a5f0c022d13c55c4
70,FTOU2TAA,Nathan,Henry,567 Cedar Street,Unit 8A,Omaha,NE,68101,555-3632,University,Regional Manager,0x6dd2aafaa2c1bddf8e3244e7dba080840dc303f6
71,YU6YB70U,Hannah,Murray,473 Pine Road,,Albuquerque,NM,87101,555-3790,Telecom Company,Operations Manager,0xaad6f2d05b4a8dd79a235aac79bd0cb66fc902b4
72,Y7YXP2TQ,Mason,Taylor,825 Birch Drive,Unit 2B,San Jose,CA,95101,555-3169,Airlines,Mechanical Engineer,0x1a266923ce883405ef40730b8973cd7781442039
73,HYRZFLYY,Carolyn,Wright,520 Ash Way,,Fresno,CA,93701,555-2360,Accounting Firm,Software Engineer,0xb5da13c9a2e6c944909df341735971f35f159f4b
74,FL9JAHD9,Mary,Hill,798 Cedar Drive,,Los Angeles,CA,90001,555-7071,Telecom Company,Director,0x8dddd92fe0c41f9bcd1c691d0c5ad6dde2b041f7
75,FVLTKA72,Willie,Cole,658 Poplar Court,Apt 9B,Columbus,OH,43201,555-1146,Investment Bank,Director,0x4bcf2ec29162839ee2ca8a0f8e211fd93fad0c39
76,3W5ALWRR,Janet,Davis,600 Ash Lane,,Honolulu,HI,96801,555-8515,Airlines,Security Consultant,0xa5b8713b30d61efa45a5aa1bee886114e7285ae5
77,GHN1RBNW,Douglas,Long,312 Poplar Lane,,Austin,TX,78701,555-7641,Aerospace Corp,Systems Analyst,0x2da6ed35f23a97f2bcb70f9b04821754947703b5
78,8PJKSA9T,Nicole,Barnes,914 Birch Boulevard,Floor 11,Seattle,WA,98101,555-3394,Airlines,Designer,0x9a06e55450010b14dde2dcf2b53a154a280f48d8
79,5CMFBIGJ,Kevin,Moreno,266 Birch Lane,,Austin,TX,78701,555-8408,Food Services,Director,0xa86ebf5c6e1798670eddfc617571f0f66012443c
80,7JANJW8N,Betty,Chen,107 Maple Street,Unit 14A,Seattle,WA,98101,555-8731,Insurance Corp,Partner,0x38e4b0a6a588e9d74cabb09e47c97fecb88bcc77
81,HQJAMOKJ,Brandon,Wilson,595 Birch Avenue,,San Diego,CA,92101,555-3565,Security Firm,Network Engineer,0x740ffb0b40dc0657755d032015c4db9ad64b3976
82,F8M7G9DL,Susan,Diaz,954 Elm Boulevard,,Nashville,TN,37201,555-2828,Music Label,Research Scientist,0xa51697eeedfb8e9d5af175aab64d1c1170dbf12e
83,PCD1I21G,Stephanie,Scott,825 Willow Boulevard,Suite 6A,Omaha,NE,68101,555-9076,Tech Startup,Creative Director,0xd3d98a75220621db18d57b5b07fa9cee7ba57e5b
84,GSUUB5TR,Charles,Mendoza,911 Birch Boulevard,,New York,NY,10001,555-9302,Food Services,CPA,0xe2c706cfd225c0cf831d08c31bb37354af2c8919
85,SHE614ID,Michael,Jimenez,925 Birch Court,,Milwaukee,WI,53201,555-7770,Hospital Network,Pharmacist,0x8667d73fe41a5e3be9060bb3054afc3abca4c0d4
86,EDE258YS,Samantha,Gray,525 Maple Road,Apt 19B,Denver,CO,80201,555-1403,Hospital Network,Marketing Director,0x4553981961ac4e9ff9ecc2dc292065f533706b07
87,36N9US4W,Mary,Martinez,805 Cedar Boulevard,,Las Vegas,NV,89101,555-3901,Aerospace Corp,Administrator,0xdfe04bdda2edaf4d70a54280e670539c895b666b
88,EIBZFFHN,Ruth,Owens,657 Elm Boulevard,,Cleveland,OH,44101,555-4789,Tech Solutions Inc,Restaurant Owner,0x72964cb2e2699a2dbbf456ceee7dacda44da9b80
89,RVU5VEGQ,Rebecca,Stewart,573 Ash Court,,Philadelphia,PA,19101,555-9327,University,CEO,0x36f1090b91b3b445043ed991bc03a5131de73a5c
90,8M0BJ6U9,Julia,Mitchell,603 Ash Street,Unit 10D,Kansas City,MO,64101,555-3396,Art Gallery,Game Developer,0x25537341182677efd7b13297b9d158737b2c10c3
91,JDXXXWYL,Donna,Watson,120 Spruce Court,,Fort Worth,TX,76101,555-1244,Consulting Firm,Pharmacist,0x5ec2e3f1778578e5e4787688687d7bce48ddffc8
92,MU05EHN8,Mia,Flores,409 Ash Avenue,,Fresno,CA,93701,555-6448,Logistics Co,Director,0x788e786a84e2741f0d3a03bc438f46eac5480457
93,RKW0PCWC,Christopher,Brooks,543 Ash Road,Unit 1B,San Diego,CA,92101,555-9273,University,Financial Analyst,0xd7127c4f05d392241115159664e3001d27e30d00
94,J06OIXBQ,Dennis,Martin,589 Ash Road,,San Jose,CA,95101,555-4154,Security Firm,Creative Director,0xc9d6351894be064644e05fa77a3f3363070da9af
95,EDNEHHZM,Wayne,Moreno,779 Birch Avenue,Unit 1,Nashville,TN,37201,555-7508,Publishing House,Producer,0x212a27e3197e1bf2d1028ed9e5e73b0bf992c49b
96,EOA89JQR,Kevin,Cooper,568 Birch Drive,,Charlotte,NC,28201,555-7208,Real Estate Group,Creative Director,0x25a81d9a08710762512088f686cb2a11cb08d3aa
97,7VJ3FRR4,Richard,Clark,823 Oak Way,,Portland,OR,97201,555-9050,Investment Bank,Network Engineer,0x3db649759a4d043e67df1f4322b1bf316ee3d350
98,WUQZ5J7M,Christine,Rodriguez,517 Poplar Lane,Unit 19C,Philadelphia,PA,19101,555-7928,Logistics Co,Architect,0xd24c03d9eb68cb0ca673e3b804a64d5ff92f50fe
99,M13JF1JW,Debra,Anderson,524 Pine Court,,Seattle,WA,98101,555-9600,Nonprofit Org,Operations Manager,0x523a2ca6a5d61408a22071c45869970473e785a5
100,GVS9G194,Nicholas,Bennett,722 Elm Street,Unit 9A,San Francisco,CA,94102,555-1287,Art Gallery,Administrator,0xa582e71a8641b4387fd9b19f2ea2466f57057cb7
101,Z49IUHZ7,Abigail,Tran,102 Oak Drive,,Indianapolis,IN,46201,555-1844,Tech Startup,Attorney,0xf130e0863163c0b826401aabb357abe76423e64d
102,3BPC7AAP,Barbara,Alvarez,151 Elm Road,Apt 18C,Philadelphia,PA,19101,555-1041,Food Services,Real Estate Agent,0x7749e2a80b8ed640195638f4afdc45743decd62d
103,S93BYRRL,Stephanie,Rodriguez,516 Birch Street,,Dallas,TX,75201,555-8511,Art Gallery,Restaurant Owner,0x331c7d493a47bc61c5ef43b909197f57473a2823
104,HHQ0QK7W,Nancy,Owens,271 Pine Way,,Charlotte,NC,28201,555-4114,Media Productions,Editor,0xeed6e464946c984cd8627f9b4ce7bd6386024883
105,11UM2Q0N,Jacqueline,Lee,648 Spruce Circle,Unit 1A,Honolulu,HI,96801,555-4514,Hospital Network,Physician,0x9b66d0239103566ea3ca10d51b070535f61e4080
106,3KNFKO94,Eric,Hayes,572 Elm Lane,,Charlotte,NC,28201,555-5491,Retail Chain,Creative Director,0x058b6a2bce0cffccfcaa636fd576ee0088d0968c
107,QP9MKOB3,Megan,Jones,170 Poplar Road,,Denver,CO,80201,555-7212,Financial Advisory LLC,Administrator,0xe7afe666dd25a85a3697b758599e7e4aefb2b916
108,ZBWLU9BD,Nicholas,Wright,601 Cedar Street,Floor 3D,Tampa,FL,33601,555-4533,Real Estate Group,CEO,0xbc333228bdbf1ab6433082428f9f9ba4efaf6eef
109,9657FN0X,Stephanie,Davis,876 Elm Court,Floor 8A,Denver,CO,80201,555-6031,Tech Solutions Inc,Physician,0x071f54373afe3435fa757ffd28267866df96f0ea
110,6N9ER1BL,Douglas,Adams,804 Oak Road,,Raleigh,NC,27601,555-8461,Telecom Company,Game Developer,0x83b6074d0ce3563d1bf260b43c53e203875f1508
111,OQ8REGOO,Lisa,Vargas,633 Elm Avenue,,Raleigh,NC,27601,555-9290,Hospital Network,Professor,0x2af4f45337748ab94ea48c9ee265c6e5d86c75d3
112,D9CLQHB1,Isabella,Ellis,336 Oak Boulevard,,Los Angeles,CA,90001,555-6167,Travel Agency,Producer,0x8778637aa0f7b0f098e8d8fd6aea1b4be8130f6f
113,OSULX20W,Peter,Harris,909 Maple Street,Apt 14A,Boston,MA,02101,555-7305,Sports Management,Store Manager,0x1cd6698f0bb2e9f00a28d60182790251a6fc32cd
114,A88B4W6U,Roger,Patterson,816 Cedar Court,,Indianapolis,IN,46201,555-4889,Telecom Company,Consultant,0x945fd30073025c83b7d5e0a2f52cd8c99f1b3c41
115,XMLRSNUU,Jordan,Murray,859 Elm Drive,,Minneapolis,MN,55401,555-1428,Security Firm,Real Estate Agent,0x686331fa40a50fe951fbcaee3c01aa5788209fc3
116,DPU4LFH5,Rachel,Washington,529 Pine Way,Floor 13A,Tampa,FL,33601,555-7605,Publishing House,Regional Manager,0xec40ecaa21c830eb220aec6bdd61f20f4d8d0902
117,59W1P4OK,Brittany,Coleman,594 Elm Drive,,Denver,CO,80201,555-6745,Logistics Co,Financial Analyst,0xda2bdc821245ad09e7ab40fcdd6d819b3085deaa
118,CW9F2S7B,Timothy,Davis,114 Birch Circle,Floor 10,Portland,OR,97201,555-1117,Retail Chain,Creative Director,0xd4dfa25dfa0ebb7f7d4dc6517e13480c53310602
119,9UKB5II8,Olivia,Flores,684 Ash Drive,,Honolulu,HI,96801,555-2278,Music Label,Restaurant Owner,0x0f159d25fdeb495ceca6ab96b777f70bf9689087
120,IXE2CDCX,Brian,Bennett,680 Elm Circle,,Boston,MA,02101,555-8208,Healthcare Partners,Mechanical Engineer,0xe59dac08957848aa86a4089a1abbc6b06b2f4669
121,RGC5FGYK,Chloe,Coleman,132 Pine Boulevard,,Jacksonville,FL,32201,555-7646,Consulting Firm,Mechanical Engineer,0x4b5f1e6182ef75c6523bf5788593174d0c3a39bb
122,IO05GNHO,Carol,Taylor,190 Birch Avenue,,Honolulu,HI,96801,555-6953,Telecom Company,Systems Analyst,0x3f8d7a8fb22c72bbe5ac802b4507b450ba2c02c5
123,0GRFGDDN,Jason,Alexander,694 Poplar Road,Unit 5C,Charlotte,NC,28201,555-3078,Pharmacy Chain,Attorney,0xc55ff96fd57ff0b9bb879d9889e5b8ed63e6f76a
124,58XSMTBA,Larry,Lopez,212 Ash Place,,Honolulu,HI,96801,555-5006,Gaming Studio,Research Scientist,0x541695a4beb314874209114217a5b9abc8327371
125,XZR76Y7I,Carol,Vargas,861 Elm Lane,,Honolulu,HI,96801,555-8673,Tech Startup,Professor,0x8b05af7f1b29103d4c76e0f4e03059c923b3bd34
126,V2VYVVO0,Douglas,Johnson,466 Elm Lane,,Austin,TX,78701,555-3359,Biotech Labs,Project Manager,0xac9132a4f62978467609c50650313e0ea30ff3ea
127,HLF0DYXX,Jack,Chavez,530 Maple Avenue,,Detroit,MI,48201,555-4643,Insurance Corp,Research Scientist,0xc370901828aa50a916dfe7653499953116b4dcae
128,4M0JKQ3B,Carolyn,Phillips,378 Poplar Street,,Tucson,AZ,85701,555-4813,Telecom Company,Research Scientist,0xfb982a3b95dad8098e918f57871d2e3c3a5281f8
129,BS2LMXM4,James,Powell,765 Elm Place,Suite 2D,Miami,FL,33101,555-4207,Tech Solutions Inc,Banker,0xbe3499ead82ee1b832ad617e920fcb9420d95c15
130,HXHX4VMR,Denise,Brown,793 Birch Avenue,,Phoenix,AZ,85001,555-1457,Gaming Studio,Engineer,0x53598c1e45f207f550fe89ffc12ea5fa1074c6f5
131,F7373NAP,James,Young,980 Poplar Place,,Tampa,FL,33601,555-7230,Financial Advisory LLC,Teacher,0x2b1b87da659c2a97a380059329f8abca3d433cff
132,G2EY457P,Maria,Patel,585 Ash Road,Unit 16C,Philadelphia,PA,19101,555-3900,Travel Agency,Software Engineer,0x5bb8c5e66c45b686c8fcfe1dcf922b8be1c0cc65
133,61R02LE0,Anna,Fisher,505 Pine Avenue,,Virginia Beach,VA,23451,555-2683,Global Marketing Corp,Software Engineer,0xf8a9a9456b79e71dd0fa744aff14050f24f76ddf
134,HB0KZGZV,Janet,Smith,885 Poplar Road,Apt 2A,Seattle,WA,98101,555-8030,Construction Co,Agent,0x23f734463c3f9de09b89f973345d59d07823471f
135,QC3S78YD,Jennifer,Vargas,613 Pine Way,,Miami,FL,33101,555-7513,Pharmacy Chain,CPA,0x4c1e27a0b54c139d71fb26e36844d22f93aa4cf3
136,GAVDF2JW,Michelle,Howard,217 Spruce Street,,Miami,FL,33101,555-8241,Film Studio,Attorney,0x2b44efbf555afa30543e56958095d15d05180e1f
137,ZO41S71R,David,Perez,479 Oak Place,,Atlanta,GA,30301,555-6532,Nonprofit Org,Store Manager,0x63a1ea1588480d7c126c336d05a4abbc10417600
138,X7EJVPUI,Dorothy,Henderson,761 Spruce Street,,Philadelphia,PA,19101,555-3851,Consulting Firm,Operations Manager,0x76495a8d986977c62e334cec1a2126785f357d99
139,JFPK0JBX,Christina,Richardson,696 Pine Circle,Apt 19A,Tampa,FL,33601,555-5594,Food Services,Pilot,0x8fe5b8e7599f87610b43f64537186a9da4a05b31
140,18QL8MLY,Gregory,Henry,885 Spruce Avenue,,Austin,TX,78701,555-8012,Hospital Network,Banker,0xcaf3a68da383816a78f910a87e4e8346948030c0
141,FCPJ4T0A,Charles,Reyes,273 Cedar Court,Apt 17,Boston,MA,02101,555-2109,Travel Agency,Security Consultant,0x4ca8c1ea0324538018d71b219d01121f44802ea4
142,PEDKQ7XI,Jennifer,Green,619 Elm Place,Suite 5D,Charlotte,NC,28201,555-3657,Investment Bank,Pilot,0x80158c8aa850f8a497c8062d26f795c00993798e
143,AVMDYV3T,Carolyn,Russell,340 Cedar Street,,Charlotte,NC,28201,555-7228,Law Associates,Security Consultant,0x691874a905ac46e7750f632fb97076df03aeccaa
144,Y3XILU2G,Charles,Alexander,189 Poplar Circle,,Albuquerque,NM,87101,555-7969,Insurance Corp,Physician,0x0bdf47a6a3e6b7f1cedcf414709880a089e34f20
145,8SXUJPIL,Deborah,James,989 Spruce Way,,Oakland,CA,94601,555-6419,Aerospace Corp,Security Consultant,0xbc2cc7aab2b6937406c5138816f4d9bee7f3cf70
146,6BP7TQGA,Teresa,Gonzalez,671 Oak Road,,Fort Worth,TX,76101,555-1489,Insurance Corp,Architect,0xf045228a69d2c5af0987a863e22d3c9854693f75
147,OX09YVNV,Donna,Myers,339 Birch Court,Unit 20A,Charlotte,NC,28201,555-6145,Financial Advisory LLC,Professor,0xa946121fef719d4f0692dd4f7fdfa1f93e03fed8
148,6ZMX83DT,John,Wright,834 Maple Court,Apt 15,Dallas,TX,75201,555-6933,Architecture Firm,Attorney,0x0acc3797987063e949a5375540f6b825fccc888b
149,8HV6FTUV,Patricia,Murray,789 Pine Way,,San Diego,CA,92101,555-1149,Architecture Firm,Mechanical Engineer,0x38c18c8b58077f27e0ba0ee8dd14b4514853854f
150,YMTV5RNA,Janice,Long,280 Maple Circle,,Boston,MA,02101,555-1400,Biotech Labs,Professor,0x826d19f6cf50fa12bdf4e2572b82c2ffc108bfc9
