unique_id,first_name,last_name,wallet,contribution_amount,contribution_date,address_line_1,city,state,zip,phone,employer,occupation,kyc_status,compliance_status
92CTKVF0,Andrea,White,0x007c0582ff9ab4d26e63667de01513dfb4833739,1581.03,2024-01-24,145 Pine Place,Detroit,MI,48201,555-4875,University,Product Manager,NOT_FOUND,NO_KYC_RECORD
LFU0TPM0,Sara,Coleman,0x036c512f46d765956869b2d40e8accf9ff9c8613,1569.91,2024-10-01,864 Oak Lane,Austin,TX,78701,555-5254,Construction Co,Software Engineer,PASSED,VALID
JPG2EBWF,Brittany,Hamilton,0x05645b4fb088df89ea8e1312f7a3a10eeb785f6b,1947.9,2024-09-28,159 Elm Boulevard,Portland,OR,97201,555-2936,Airlines,CEO,NOT_FOUND,NO_KYC_RECORD
9AFFUUV5,Jessica,Martin,0x05799cd6cebb2440a422ca35fc5ea0b9fbbd925a,42.26,2024-05-05,415 Pine Lane,Raleigh,NC,27601,555-5388,Biotech Labs,Engineer,NOT_FOUND,NO_KYC_RECORD
9AFFUUV5,Jessica,Martin,0x05799cd6cebb2440a422ca35fc5ea0b9fbbd925a,838.63,2024-06-17,415 Pine Lane,Raleigh,NC,27601,555-5388,Biotech Labs,Engineer,NOT_FOUND,NO_KYC_RECORD
NPUEXHGC,Aaron,Foster,0x062be612223a13602911e0c645268933d7c2afad,320.8,2024-04-11,816 Elm Circle,Phoenix,AZ,85001,555-4072,Telecom Company,Director,NOT_FOUND,NO_KYC_RECORD
NPUEXHGC,Aaron,Foster,0x062be612223a13602911e0c645268933d7c2afad,680.57,2024-06-03,816 Elm Circle,Phoenix,AZ,85001,555-4072,Telecom Company,Director,NOT_FOUND,NO_KYC_RECORD
VS0R6KCH,Madison,Hughes,0x08a91a373f93252ed01e9aeeb76adf3fff5f09b3,327.77,2024-02-23,898 Ash Court,Honolulu,HI,96801,555-3268,Media Productions,Site Supervisor,NOT_FOUND,NO_KYC_RECORD
H1TMJONR,William,Martinez,0x093d614695a5f341982eafec2535a8cf5b968706,334.09,2024-07-13,904 Willow Road,San Diego,CA,92101,555-6708,Investment Bank,Operations Manager,PASSED,VALID
WYMUMPQ6,Grace,Howard,0x0c1ef388200d522bf1daa07b7811942465b48600,1889.44,2024-02-29,903 Elm Circle,Jacksonville,FL,32201,555-8412,Retail Giants,Producer,NOT_FOUND,NO_KYC_RECORD
GUE158T6,Donald,Sanchez,0x0c3479ffedfce359043d0c52acfdbd734842db26,1622.9,2024-11-12,593 Oak Circle,Miami,FL,33101,555-4116,Gaming Studio,CPA,NOT_FOUND,NO_KYC_RECORD
BELZFATP,Dennis,Campbell,0x0eab408c7f6720241267bf93385746c0b09d8ab2,1059.02,2024-02-24,500 Cedar Circle,Houston,TX,77001,555-5231,Consulting Firm,Editor,PASSED,VALID
BELZFATP,Dennis,Campbell,0x0eab408c7f6720241267bf93385746c0b09d8ab2,208.77,2024-04-03,500 Cedar Circle,Houston,TX,77001,555-5231,Consulting Firm,Editor,PASSED,VALID
BELZFATP,Dennis,Campbell,0x0eab408c7f6720241267bf93385746c0b09d8ab2,86.83,2024-05-16,500 Cedar Circle,Houston,TX,77001,555-5231,Consulting Firm,Editor,PASSED,VALID
LT5YGESQ,Heather,Watson,0x0ef0a3cf41099ff0370fec537266e33bb193ffcf,811.15,2024-08-05,605 Cedar Place,Raleigh,NC,27601,555-8982,Tech Solutions Inc,Creative Director,NOT_FOUND,NO_KYC_RECORD
BIKJ52AQ,Charlotte,Chen,0x0f35d7146c2e374b0937ce698d42bb632c70ed81,430.55,2024-04-22,472 Maple Court,Chicago,IL,60601,555-8618,Sports Management,Real Estate Agent,NOT_FOUND,NO_KYC_RECORD
BIKJ52AQ,Charlotte,Chen,0x0f35d7146c2e374b0937ce698d42bb632c70ed81,604.32,2024-05-10,472 Maple Court,Chicago,IL,60601,555-8618,Sports Management,Real Estate Agent,NOT_FOUND,NO_KYC_RECORD
BIKJ52AQ,Charlotte,Chen,0x0f35d7146c2e374b0937ce698d42bb632c70ed81,302.15,2024-07-23,472 Maple Court,Chicago,IL,60601,555-8618,Sports Management,Real Estate Agent,NOT_FOUND,NO_KYC_RECORD
VXAQ4IID,Noah,Vasquez,0x16f530f01f1116cfd3c5c022aab6f0441df82fbd,1466.18,2024-07-24,813 Ash Boulevard,San Francisco,CA,94102,555-3650,Telecom Company,Teacher,PASSED,VALID
Y7YXP2TQ,Mason,Taylor,0x1a266923ce883405ef40730b8973cd7781442039,801.54,2024-12-27,825 Birch Drive,San Jose,CA,95101,555-3169,Airlines,Mechanical Engineer,PASSED,VALID
O1SLGDF6,Rachel,Ortiz,0x1a8964573d6d1d28b950996362d9f6da2b38885e,3299.91,2024-12-05,659 Birch Drive,Detroit,MI,48201,555-8672,Fashion House,Partner,NOT_FOUND,NO_KYC_RECORD
6OFTWGZ6,Mark,Gray,0x1bc03a152f48c8cdd240a373b79fa1fd6d46b0f5,694.9,2024-12-16,354 Maple Road,San Antonio,TX,78201,555-1588,Airlines,Engineer,NOT_FOUND,NO_KYC_RECORD
V3MEWMIB,Richard,Perry,0x1c76af4858fb2bf47d806117b433252f6df240cf,863.96,2024-08-02,749 Pine Court,Houston,TX,77001,555-7200,Food Services,Attorney,PASSED,VALID
V3MEWMIB,Richard,Perry,0x1c76af4858fb2bf47d806117b433252f6df240cf,128.85,2024-11-08,749 Pine Court,Houston,TX,77001,555-7200,Food Services,Attorney,PASSED,VALID
T3OAEB3E,Charlotte,Kelly,0x1e64dd35f4defceea0351705533b6fe4d4a54d1a,428.67,2024-05-01,928 Oak Way,Houston,TX,77001,555-2503,Art Gallery,CPA,NOT_FOUND,NO_KYC_RECORD
T3OAEB3E,Charlotte,Kelly,0x1e64dd35f4defceea0351705533b6fe4d4a54d1a,626.71,2024-06-22,928 Oak Way,Houston,TX,77001,555-2503,Art Gallery,CPA,NOT_FOUND,NO_KYC_RECORD
T3OAEB3E,Charlotte,Kelly,0x1e64dd35f4defceea0351705533b6fe4d4a54d1a,717.55,2024-06-23,928 Oak Way,Houston,TX,77001,555-2503,Art Gallery,CPA,NOT_FOUND,NO_KYC_RECORD
T3OAEB3E,Charlotte,Kelly,0x1e64dd35f4defceea0351705533b6fe4d4a54d1a,10.73,2024-08-15,928 Oak Way,Houston,TX,77001,555-2503,Art Gallery,CPA,NOT_FOUND,NO_KYC_RECORD
OHFLU3OH,Zachary,Medina,0x1e76a2f53f0432153de523b6f533dbcb89014a66,445.01,2024-03-19,396 Spruce Street,San Jose,CA,95101,555-8426,Pharmacy Chain,Financial Analyst,NOT_FOUND,NO_KYC_RECORD
UWTXU6QO,Julia,Moore,0x1ef9abf4c32324319db56d3c97a2f2b675654f31,48.2,2024-12-13,634 Willow Way,San Francisco,CA,94102,555-7038,Construction Co,Director,NOT_FOUND,NO_KYC_RECORD
SJTVFVB0,Deborah,Nguyen,0x1faa993bad304b35f13dcee234392df2f3b90617,703.3,2024-03-29,609 Pine Circle,Charlotte,NC,28201,555-7868,Education First,Software Engineer,NOT_FOUND,NO_KYC_RECORD
SJTVFVB0,Deborah,Nguyen,0x1faa993bad304b35f13dcee234392df2f3b90617,69.8,2024-10-13,609 Pine Circle,Charlotte,NC,28201,555-7868,Education First,Software Engineer,NOT_FOUND,NO_KYC_RECORD
060BKHPG,David,Gray,0x22c2d0b5f6a28ab00af5804b0ad8866f6a1af515,1219.09,2024-02-07,885 Cedar Avenue,Indianapolis,IN,46201,555-3595,Financial Advisory LLC,Professor,NOT_FOUND,NO_KYC_RECORD
BXCCT17O,Sara,Anderson,0x23b85badc811ea5160612fee46fe033bcc842d54,1801.93,2024-05-13,165 Oak Lane,San Diego,CA,92101,555-5573,Film Studio,Operations Manager,NOT_FOUND,NO_KYC_RECORD
BXCCT17O,Sara,Anderson,0x23b85badc811ea5160612fee46fe033bcc842d54,707.31,2024-09-28,165 Oak Lane,San Diego,CA,92101,555-5573,Film Studio,Operations Manager,NOT_FOUND,NO_KYC_RECORD
5IHZRG4O,Alexander,Nguyen,0x253388843aa51c720f6787dc35a3f541047a46a9,1928.28,2024-07-01,636 Maple Way,New York,NY,10001,555-6943,Auto Industries,CEO,NOT_FOUND,NO_KYC_RECORD
5IHZRG4O,Alexander,Nguyen,0x253388843aa51c720f6787dc35a3f541047a46a9,767.81,2024-10-27,636 Maple Way,New York,NY,10001,555-6943,Auto Industries,CEO,NOT_FOUND,NO_KYC_RECORD
8M0BJ6U9,Julia,Mitchell,0x25537341182677efd7b13297b9d158737b2c10c3,1274.1,2024-07-07,603 Ash Street,Kansas City,MO,64101,555-3396,Art Gallery,Game Developer,PASSED,VALID
EOA89JQR,Kevin,Cooper,0x25a81d9a08710762512088f686cb2a11cb08d3aa,37.34,2024-08-23,568 Birch Drive,Charlotte,NC,28201,555-7208,Real Estate Group,Creative Director,PASSED,VALID
122TZVNB,Denise,Owens,0x28ce14913a41d6858cff2780bab2dac19ac53102,43.73,2024-06-27,998 Oak Court,Fresno,CA,93701,555-5673,Education First,Network Engineer,NOT_FOUND,NO_KYC_RECORD
GLSEX3RD,Anthony,Patel,0x2a64f7bb981a38dac719b003e6b397db240abb4a,1458.94,2024-03-22,659 Birch Street,Boston,MA,02101,555-2854,Pharmacy Chain,Designer,NOT_FOUND,NO_KYC_RECORD
GLSEX3RD,Anthony,Patel,0x2a64f7bb981a38dac719b003e6b397db240abb4a,854.11,2024-08-25,659 Birch Street,Boston,MA,02101,555-2854,Pharmacy Chain,Designer,NOT_FOUND,NO_KYC_RECORD
GLSEX3RD,Anthony,Patel,0x2a64f7bb981a38dac719b003e6b397db240abb4a,985.95,2024-10-07,659 Birch Street,Boston,MA,02101,555-2854,Pharmacy Chain,Designer,NOT_FOUND,NO_KYC_RECORD
GHN1RBNW,Douglas,Long,0x2da6ed35f23a97f2bcb70f9b04821754947703b5,1662.89,2024-04-03,312 Poplar Lane,Austin,TX,78701,555-7641,Aerospace Corp,Systems Analyst,PASSED,VALID
NGX9HRGV,Diane,Morales,0x2f9aa73566c8e49df152e96c4fdf6405e02938a2,16.83,2024-11-30,396 Oak Road,Portland,OR,97201,555-3456,Retail Chain,Producer,NOT_FOUND,NO_KYC_RECORD
4376J1GV,Walter,Harrison,0x318effcab4ce638cece0d59287d60367a79f3b22,938.2,2024-03-24,448 Birch Way,Dallas,TX,75201,555-5890,Accounting Firm,Real Estate Agent,NOT_FOUND,NO_KYC_RECORD
U22P0A4G,Charlotte,Aguilar,0x31eda11686c47c6ce67f545f67623e233a295489,1827.95,2024-01-11,776 Oak Place,Anaheim,CA,92801,555-2564,Sports Management,Project Manager,NOT_FOUND,NO_KYC_RECORD
U22P0A4G,Charlotte,Aguilar,0x31eda11686c47c6ce67f545f67623e233a295489,993.85,2024-07-25,776 Oak Place,Anaheim,CA,92801,555-2564,Sports Management,Project Manager,NOT_FOUND,NO_KYC_RECORD
CPE2M3BW,Brenda,Cruz,0x3214a9b9e68f3fc25f06df837bb5036fbcb9c60f,10.47,2024-12-07,348 Pine Street,Austin,TX,78701,555-6380,Consulting Firm,CEO,NOT_FOUND,NO_KYC_RECORD
RGBZX2ZV,Rebecca,Morgan,0x338e51a7036a2d062c4348f191c49423131b8e19,977.17,2024-02-16,921 Poplar Circle,Minneapolis,MN,55401,555-4983,Aerospace Corp,Pharmacist,NOT_FOUND,NO_KYC_RECORD
RGBZX2ZV,Rebecca,Morgan,0x338e51a7036a2d062c4348f191c49423131b8e19,61.91,2024-05-30,921 Poplar Circle,Minneapolis,MN,55401,555-4983,Aerospace Corp,Pharmacist,NOT_FOUND,NO_KYC_RECORD
6KMNDSDD,Julie,Jenkins,0x3426886ae6468b24e157deed18c2b7903bac517b,103.39,2024-05-15,470 Maple Way,Minneapolis,MN,55401,555-3576,Hospital Network,Security Consultant,NOT_FOUND,NO_KYC_RECORD
6KMNDSDD,Julie,Jenkins,0x3426886ae6468b24e157deed18c2b7903bac517b,28.38,2024-05-18,470 Maple Way,Minneapolis,MN,55401,555-3576,Hospital Network,Security Consultant,NOT_FOUND,NO_KYC_RECORD
GENYJC9J,Peter,Moreno,0x36bf71066dd6fc93456d0643b228b8278086bdce,3300,2024-12-10,919 Ash Way,Phoenix,AZ,85001,555-6819,Construction Co,Editor,NOT_FOUND,NO_KYC_RECORD
M57JWYHO,Mark,Kim,0x3a5054038cd2fc7a7853c57d8954649a7250c2e2,1687.01,2024-11-28,855 Poplar Way,Tucson,AZ,85701,555-3690,Retail Giants,Director,PASSED,VALID
ETQ4A0MC,George,Hayes,0x3ad706f1fb16f02d574548d6ece4cdc7c4b71c7d,1116.27,2024-02-02,788 Oak Street,Philadelphia,PA,19101,555-9837,Retail Chain,Underwriter,NOT_FOUND,NO_KYC_RECORD
ETQ4A0MC,George,Hayes,0x3ad706f1fb16f02d574548d6ece4cdc7c4b71c7d,608.96,2024-05-04,788 Oak Street,Philadelphia,PA,19101,555-9837,Retail Chain,Underwriter,NOT_FOUND,NO_KYC_RECORD
ETQ4A0MC,George,Hayes,0x3ad706f1fb16f02d574548d6ece4cdc7c4b71c7d,956.92,2024-08-20,788 Oak Street,Philadelphia,PA,19101,555-9837,Retail Chain,Underwriter,NOT_FOUND,NO_KYC_RECORD
AMNKHZ1B,Jennifer,Mendoza,0x3db59b0ecfdccda46e37fca7df83f9f66f45f2c1,845.27,2024-01-24,124 Pine Way,Milwaukee,WI,53201,555-6978,Food Services,Operations Manager,NOT_FOUND,NO_KYC_RECORD
AMNKHZ1B,Jennifer,Mendoza,0x3db59b0ecfdccda46e37fca7df83f9f66f45f2c1,42.18,2024-06-17,124 Pine Way,Milwaukee,WI,53201,555-6978,Food Services,Operations Manager,NOT_FOUND,NO_KYC_RECORD
AMNKHZ1B,Jennifer,Mendoza,0x3db59b0ecfdccda46e37fca7df83f9f66f45f2c1,192.5,2024-11-25,124 Pine Way,Milwaukee,WI,53201,555-6978,Food Services,Operations Manager,NOT_FOUND,NO_KYC_RECORD
QNIK9137,Ruth,Castillo,0x429a00449459ca69b289186fd69bb8d99609959e,3299.84,2024-09-14,295 Willow Way,Sacramento,CA,95801,555-6299,Nonprofit Org,Architect,NOT_FOUND,NO_KYC_RECORD
ZF5RXT8R,Kevin,Jackson,0x4370343fee9ccbba3333a74348800b5e05ebe661,630.77,2024-12-06,790 Willow Lane,Oakland,CA,94601,555-7366,Education First,Research Scientist,NOT_FOUND,NO_KYC_RECORD
PK7M5CYL,Gregory,Jenkins,0x451206a32e3cdb54034607fcc15ae4faa519cee6,483.13,2024-05-05,939 Poplar Avenue,Los Angeles,CA,90001,555-8430,Music Label,Professor,PASSED,VALID
PK7M5CYL,Gregory,Jenkins,0x451206a32e3cdb54034607fcc15ae4faa519cee6,433.12,2024-11-02,939 Poplar Avenue,Los Angeles,CA,90001,555-8430,Music Label,Professor,PASSED,VALID
3MYBZPJ9,Carol,Johnson,0x4578861245ae03df3909d210842d467976291fe5,1669.42,2024-07-25,314 Pine Lane,Philadelphia,PA,19101,555-6041,Sports Management,Engineer,NOT_FOUND,NO_KYC_RECORD
3MYBZPJ9,Carol,Johnson,0x4578861245ae03df3909d210842d467976291fe5,1629.58,2024-08-17,314 Pine Lane,Philadelphia,PA,19101,555-6041,Sports Management,Engineer,NOT_FOUND,NO_KYC_RECORD
89CMLQ63,Rebecca,Jordan,0x4a34c7bdb12ba3930b4f2801cb5b0c93af56b537,815.99,2024-07-10,622 Maple Road,Philadelphia,PA,19101,555-6364,Healthcare Partners,Professor,NOT_FOUND,NO_KYC_RECORD
89CMLQ63,Rebecca,Jordan,0x4a34c7bdb12ba3930b4f2801cb5b0c93af56b537,518.18,2024-08-25,622 Maple Road,Philadelphia,PA,19101,555-6364,Healthcare Partners,Professor,NOT_FOUND,NO_KYC_RECORD
I3CLB3U4,Nathan,Bailey,0x4a59d912a286645b5eb383d809755d8e03b383ae,43.15,2024-04-30,731 Oak Way,Seattle,WA,98101,555-1803,Logistics Co,CEO,PASSED,VALID
8WUVFN9T,Nicholas,Adams,0x4ac73ebf27790a9a4650d10ca0b146a30de89946,1941.62,2024-07-09,241 Poplar Lane,Detroit,MI,48201,555-5961,Construction Co,Designer,NOT_FOUND,NO_KYC_RECORD
GJ360Y0R,Patricia,Simmons,0x4aef4b40363280778215fedef79b1f52fc74cc68,38.28,2024-12-11,806 Poplar Drive,San Jose,CA,95101,555-8119,Pharmacy Chain,Partner,NOT_FOUND,NO_KYC_RECORD
QC3S78YD,Jennifer,Vargas,0x4c1e27a0b54c139d71fb26e36844d22f93aa4cf3,375.19,2024-10-15,613 Pine Way,Miami,FL,33101,555-7513,Pharmacy Chain,CPA,PASSED,VALID
FCPJ4T0A,Charles,Reyes,0x4ca8c1ea0324538018d71b219d01121f44802ea4,46.24,2024-06-14,273 Cedar Court,Boston,MA,02101,555-2109,Travel Agency,Security Consultant,PASSED,VALID
FCPJ4T0A,Charles,Reyes,0x4ca8c1ea0324538018d71b219d01121f44802ea4,811.88,2024-08-17,273 Cedar Court,Boston,MA,02101,555-2109,Travel Agency,Security Consultant,PASSED,VALID
FZY1OK53,Gerald,Bailey,0x4dcbbb517db46434d86ab320d7f33c5b7b24c8e9,327.56,2024-11-09,316 Birch Lane,New York,NY,10001,555-4231,Film Studio,Underwriter,NOT_FOUND,NO_KYC_RECORD
D4KMZPDR,John,Marshall,0x4e2610b1417a9e4a332dfd2f7c9cd7a71e09cdac,820.56,2024-09-11,733 Poplar Circle,Las Vegas,NV,89101,555-9207,Construction Co,Director,NOT_FOUND,NO_KYC_RECORD
D4KMZPDR,John,Marshall,0x4e2610b1417a9e4a332dfd2f7c9cd7a71e09cdac,1012.92,2024-10-09,733 Poplar Circle,Las Vegas,NV,89101,555-9207,Construction Co,Director,NOT_FOUND,NO_KYC_RECORD
R6OLX2YW,Sara,Sanders,0x4f182d7fca5d5db5a0b5179ff4b5e8afed6d6a04,1273.05,2024-06-12,935 Oak Circle,Virginia Beach,VA,23451,555-7493,Music Label,Professor,NOT_FOUND,NO_KYC_RECORD
AP4SH8KJ,Jack,Hayes,0x4f7cbe911f229af59b59933f29d47d3294e1f910,1658.64,2024-09-30,490 Spruce Road,Detroit,MI,48201,555-3058,Architecture Firm,Creative Director,NOT_FOUND,NO_KYC_RECORD
AP4SH8KJ,Jack,Hayes,0x4f7cbe911f229af59b59933f29d47d3294e1f910,352.64,2024-10-16,490 Spruce Road,Detroit,MI,48201,555-3058,Architecture Firm,Creative Director,NOT_FOUND,NO_KYC_RECORD
T8UUGKEH,Julie,Kim,0x4fc80d6a55925a5b5b8e3ae9c6fa56c9cf9bff5b,3300,2024-11-07,220 Willow Way,Indianapolis,IN,46201,555-3716,Nonprofit Org,Security Consultant,PASSED,VALID
HOMDYJ6X,Jessica,Hernandez,0x4fe076c393985d328c46384018b77ec09fadb831,592.48,2024-03-10,573 Oak Circle,Jacksonville,FL,32201,555-2695,Music Label,Mechanical Engineer,NOT_FOUND,NO_KYC_RECORD
HOMDYJ6X,Jessica,Hernandez,0x4fe076c393985d328c46384018b77ec09fadb831,16,2024-12-23,573 Oak Circle,Jacksonville,FL,32201,555-2695,Music Label,Mechanical Engineer,NOT_FOUND,NO_KYC_RECORD
M13JF1JW,Debra,Anderson,0x523a2ca6a5d61408a22071c45869970473e785a5,1269.73,2024-01-07,524 Pine Court,Seattle,WA,98101,555-9600,Nonprofit Org,Operations Manager,PASSED,VALID
PYU7VDP8,Christine,Washington,0x5246d0a65978e9bd34c7aa7a52354b9f49797a80,1844.04,2024-06-17,104 Pine Drive,Charlotte,NC,28201,555-5974,Nonprofit Org,Producer,PASSED,VALID
HXHX4VMR,Denise,Brown,0x53598c1e45f207f550fe89ffc12ea5fa1074c6f5,1804.55,2024-04-06,793 Birch Avenue,Phoenix,AZ,85001,555-1457,Gaming Studio,Engineer,PASSED,VALID
SKTN9UM4,Ashley,Gutierrez,0x5479e4c84180af2d1c1ea285377cd6a0834567e2,464.8,2024-05-16,382 Ash Way,Phoenix,AZ,85001,555-7757,Film Studio,Restaurant Owner,NOT_FOUND,NO_KYC_RECORD
N7YMXCEN,Kenneth,Woods,0x576b1cec6392e4828d9265580b0f4386f5da9a38,230.37,2024-03-12,831 Pine Boulevard,Fort Worth,TX,76101,555-9256,Pharmacy Chain,Banker,NOT_FOUND,NO_KYC_RECORD
RJ77OYU1,Carol,Ellis,0x577785223d3bee101e0068ec4e2606dbdfb3dac4,1015.57,2024-02-04,985 Ash Street,San Jose,CA,95101,555-3617,Insurance Corp,Consultant,NOT_FOUND,NO_KYC_RECORD
GHV6TMP2,Anna,Romero,0x5832e71d9dcb0825c177aaced9ba15a3635b698c,815.64,2024-05-22,721 Poplar Avenue,Minneapolis,MN,55401,555-6488,Retail Giants,Real Estate Agent,NOT_FOUND,NO_KYC_RECORD
N6Z37BFH,Joshua,Hall,0x5a7484093ea1c9f0ba6f92ecb04c5d31855b5edb,1699.53,2024-06-09,765 Pine Circle,Boston,MA,02101,555-9828,Travel Agency,Restaurant Owner,NOT_FOUND,NO_KYC_RECORD
N6Z37BFH,Joshua,Hall,0x5a7484093ea1c9f0ba6f92ecb04c5d31855b5edb,1599.47,2024-11-26,765 Pine Circle,Boston,MA,02101,555-9828,Travel Agency,Restaurant Owner,NOT_FOUND,NO_KYC_RECORD
CFNVL7IY,Mason,Sullivan,0x5b1faa040d43e4421e1195310a7a7043cad76edd,3300,2024-02-17,593 Cedar Place,Las Vegas,NV,89101,555-8086,Aerospace Corp,Producer,NOT_FOUND,NO_KYC_RECORD
G2EY457P,Maria,Patel,0x5bb8c5e66c45b686c8fcfe1dcf922b8be1c0cc65,377.14,2024-11-27,585 Ash Road,Philadelphia,PA,19101,555-3900,Travel Agency,Software Engineer,PASSED,VALID
9JPPXXZE,Charlotte,Wells,0x5cde675d9ed83380ca00a447ab984db9c0d3981a,540.06,2024-10-22,538 Spruce Avenue,Chicago,IL,60601,555-1134,University,Consultant,NOT_FOUND,NO_KYC_RECORD
9JPPXXZE,Charlotte,Wells,0x5cde675d9ed83380ca00a447ab984db9c0d3981a,1816.72,2024-10-24,538 Spruce Avenue,Chicago,IL,60601,555-1134,University,Consultant,NOT_FOUND,NO_KYC_RECORD
1VTXHOVE,Mary,Griffin,0x5d80f366d3e403f877023b8fef5b8db4421aa091,705.55,2024-02-19,758 Cedar Drive,New York,NY,10001,555-9965,Tech Solutions Inc,Attorney,NOT_FOUND,NO_KYC_RECORD
1VTXHOVE,Mary,Griffin,0x5d80f366d3e403f877023b8fef5b8db4421aa091,1739.8,2024-08-20,758 Cedar Drive,New York,NY,10001,555-9965,Tech Solutions Inc,Attorney,NOT_FOUND,NO_KYC_RECORD
WVD3JZ0S,Janet,Hamilton,0x5f29d7266520f905a7ed3dc31fee98e81cd72907,402.09,2024-04-09,616 Poplar Way,Detroit,MI,48201,555-5176,Media Productions,Network Engineer,PASSED,VALID
WVD3JZ0S,Janet,Hamilton,0x5f29d7266520f905a7ed3dc31fee98e81cd72907,43.52,2024-05-11,616 Poplar Way,Detroit,MI,48201,555-5176,Media Productions,Network Engineer,PASSED,VALID
2PQUL5JZ,Dennis,Chen,0x6017210e5d9d04bd0bee39ebbb4a25a7f9e4c0dd,1218.75,2024-07-17,189 Spruce Way,Austin,TX,78701,555-2357,Tech Startup,Site Supervisor,NOT_FOUND,NO_KYC_RECORD
0ZSA683Z,Christopher,McDonald,0x62ce8019d99f1200de3aeac4442318d5f0b43a95,579.38,2024-04-20,176 Elm Boulevard,Dallas,TX,75201,555-8841,Retail Chain,Regional Manager,NOT_FOUND,NO_KYC_RECORD
0ZSA683Z,Christopher,McDonald,0x62ce8019d99f1200de3aeac4442318d5f0b43a95,377.72,2024-06-08,176 Elm Boulevard,Dallas,TX,75201,555-8841,Retail Chain,Regional Manager,NOT_FOUND,NO_KYC_RECORD
ZO41S71R,David,Perez,0x63a1ea1588480d7c126c336d05a4abbc10417600,483.18,2024-05-14,479 Oak Place,Atlanta,GA,30301,555-6532,Nonprofit Org,Store Manager,PASSED,VALID
ZO41S71R,David,Perez,0x63a1ea1588480d7c126c336d05a4abbc10417600,382.82,2024-07-04,479 Oak Place,Atlanta,GA,30301,555-6532,Nonprofit Org,Store Manager,PASSED,VALID
QZJ4A5RX,Andrea,Gibson,0x6488c9349a0ac14172e8cc8672b8c5373d79ebf4,1004.48,2024-07-04,110 Spruce Road,Houston,TX,77001,555-8892,Hotel Chain,Teacher,NOT_FOUND,NO_KYC_RECORD
QZJ4A5RX,Andrea,Gibson,0x6488c9349a0ac14172e8cc8672b8c5373d79ebf4,925.77,2024-11-28,110 Spruce Road,Houston,TX,77001,555-8892,Hotel Chain,Teacher,NOT_FOUND,NO_KYC_RECORD
Q59TWRLG,Lisa,Stewart,0x664f7d7d8fa5764f4b78e5931613aaea385ce77d,119.92,2024-02-09,145 Willow Drive,Phoenix,AZ,85001,555-3950,Publishing House,Real Estate Agent,NOT_FOUND,NO_KYC_RECORD
WTNAVWP5,Debra,Bell,0x67a131c6035aba27743a288b9ea9638c735fb182,1784.09,2024-12-10,892 Pine Avenue,Albuquerque,NM,87101,555-7800,Music Label,Engineer,NOT_FOUND,NO_KYC_RECORD
FWYUH5HZ,Sophia,James,0x69ce55f1b440b11a32cd7ebd657b981aa3a88aa8,1796.63,2024-08-10,869 Willow Street,San Jose,CA,95101,555-9503,Healthcare Partners,CEO,NOT_FOUND,NO_KYC_RECORD
ZE770A29,Joshua,Stewart,0x6d6de9a618f8838c8eb7581594cfa3bcca2caf83,533.04,2024-06-23,827 Oak Road,Indianapolis,IN,46201,555-4815,Accounting Firm,Director,NOT_FOUND,NO_KYC_RECORD
KMFOSQ9O,Nicholas,Hughes,0x70ec3b64e8ecfb732b3eeea4ee8d0cc5a050055c,1182.19,2024-06-13,173 Birch Court,Milwaukee,WI,53201,555-7691,Tech Startup,Software Engineer,PASSED,VALID
KMFOSQ9O,Nicholas,Hughes,0x70ec3b64e8ecfb732b3eeea4ee8d0cc5a050055c,195.89,2024-10-15,173 Birch Court,Milwaukee,WI,53201,555-7691,Tech Startup,Software Engineer,PASSED,VALID
T65M28Z3,Brandon,Wood,0x71283c24e1df5073f8eb52feb48bd5680ffc3ecb,1790.27,2024-11-13,782 Oak Circle,Charlotte,NC,28201,555-3539,Music Label,Engineer,NOT_FOUND,NO_KYC_RECORD
YDJM4G6H,Eugene,Nelson,0x718113be3ad96f60385ff9344640c73e25d25765,250.14,2024-05-31,855 Ash Road,Portland,OR,97201,555-8956,Retail Giants,Architect,NOT_FOUND,NO_KYC_RECORD
YDJM4G6H,Eugene,Nelson,0x718113be3ad96f60385ff9344640c73e25d25765,639.1,2024-06-16,855 Ash Road,Portland,OR,97201,555-8956,Retail Giants,Architect,NOT_FOUND,NO_KYC_RECORD
YDJM4G6H,Eugene,Nelson,0x718113be3ad96f60385ff9344640c73e25d25765,20.04,2024-10-15,855 Ash Road,Portland,OR,97201,555-8956,Retail Giants,Architect,NOT_FOUND,NO_KYC_RECORD
EIBZFFHN,Ruth,Owens,0x72964cb2e2699a2dbbf456ceee7dacda44da9b80,41.83,2024-08-24,657 Elm Boulevard,Cleveland,OH,44101,555-4789,Tech Solutions Inc,Restaurant Owner,PASSED,VALID
GMC4HU1A,Chloe,Washington,0x72b6fbbefe9c2189db481e1d965db73185cf4ce6,603.7,2024-05-22,137 Elm Road,Houston,TX,77001,555-8722,Hospital Network,Real Estate Agent,PASSED,VALID
YFAU1TBD,Amy,Reed,0x73f8cd6698ad884f40e02888691e0096c62883e8,36.96,2024-09-26,593 Birch Circle,Cleveland,OH,44101,555-4412,Telecom Company,Attorney,NOT_FOUND,NO_KYC_RECORD
8E8S8O5B,Jacqueline,Vasquez,0x759e3024366f02ceef107a3a5836c10100349918,1246.7,2024-05-17,358 Pine Road,Seattle,WA,98101,555-3929,Pharmacy Chain,Marketing Director,NOT_FOUND,NO_KYC_RECORD
3BPC7AAP,Barbara,Alvarez,0x7749e2a80b8ed640195638f4afdc45743decd62d,1493.94,2024-05-19,151 Elm Road,Philadelphia,PA,19101,555-1041,Food Services,Real Estate Agent,PASSED,VALID
3ZKCNLYY,Stephanie,Evans,0x7aa65b7fb0109ad848527a8f9771c29df78e6fd7,3299.55,2024-07-29,224 Elm Lane,Fresno,CA,93701,555-3524,Gaming Studio,Attorney,NOT_FOUND,NO_KYC_RECORD
EWTKJQKB,Abigail,Rogers,0x7af1ee0eb41c03b1e8c9a97ab204c0518581c95e,14.14,2024-12-24,686 Cedar Boulevard,Kansas City,MO,64101,555-6400,Accounting Firm,Creative Director,NOT_FOUND,NO_KYC_RECORD
7ZV3BEZO,Joseph,Murphy,0x7b224e8bbf01c624e0ca398b36d9ac9edfdf263c,1631.51,2024-04-07,944 Spruce Boulevard,Omaha,NE,68101,555-2711,Construction Co,Security Consultant,NOT_FOUND,NO_KYC_RECORD
C3Z2QOV8,Kyle,Rivera,0x7b4e9fcadf8ca8d10d80f3fe649d7329efd1dffe,255.14,2024-05-09,689 Willow Road,San Jose,CA,95101,555-5266,Real Estate Group,Physician,NOT_FOUND,NO_KYC_RECORD
C3Z2QOV8,Kyle,Rivera,0x7b4e9fcadf8ca8d10d80f3fe649d7329efd1dffe,626.8,2024-06-08,689 Willow Road,San Jose,CA,95101,555-5266,Real Estate Group,Physician,NOT_FOUND,NO_KYC_RECORD
C3Z2QOV8,Kyle,Rivera,0x7b4e9fcadf8ca8d10d80f3fe649d7329efd1dffe,238.57,2024-12-18,689 Willow Road,San Jose,CA,95101,555-5266,Real Estate Group,Physician,NOT_FOUND,NO_KYC_RECORD
CNPVNIFW,Jose,Rivera,0x7edb2abea6c22946711c2ae65ebbe4f88d419de7,894.92,2024-01-11,354 Ash Street,New York,NY,10001,555-2452,Law Associates,Agent,NOT_FOUND,NO_KYC_RECORD
M22SMOJS,Stephen,Ward,0x813389e2380a9b638316362b070c19bca9955689,764.13,2024-01-07,620 Birch Lane,San Antonio,TX,78201,555-1782,Consulting Firm,Engineer,NOT_FOUND,NO_KYC_RECORD
M22SMOJS,Stephen,Ward,0x813389e2380a9b638316362b070c19bca9955689,149.03,2024-06-11,620 Birch Lane,San Antonio,TX,78201,555-1782,Consulting Firm,Engineer,NOT_FOUND,NO_KYC_RECORD
M22SMOJS,Stephen,Ward,0x813389e2380a9b638316362b070c19bca9955689,436.81,2024-10-02,620 Birch Lane,San Antonio,TX,78201,555-1782,Consulting Firm,Engineer,NOT_FOUND,NO_KYC_RECORD
KQIIPUPB,Andrea,Watson,0x83a0b9fc0683f66235f5a10affb7d1d7be65ba5a,1953.69,2024-06-05,528 Birch Street,Fresno,CA,93701,555-4895,Tech Solutions Inc,Producer,NOT_FOUND,NO_KYC_RECORD
KQIIPUPB,Andrea,Watson,0x83a0b9fc0683f66235f5a10affb7d1d7be65ba5a,898.94,2024-08-05,528 Birch Street,Fresno,CA,93701,555-4895,Tech Solutions Inc,Producer,NOT_FOUND,NO_KYC_RECORD
BN9ZJEK0,Benjamin,Miller,0x84f9d70c91b2f60c448b97c20fb50065ed7f4cc2,914.5,2024-07-19,739 Birch Street,San Jose,CA,95101,555-3542,Telecom Company,Real Estate Agent,NOT_FOUND,NO_KYC_RECORD
K9DQG0A3,Jeremy,Griffin,0x86cf43195ee25dab7e4b0da464fc250638be3462,1563.5,2024-10-07,963 Maple Avenue,Raleigh,NC,27601,555-4910,Accounting Firm,Software Engineer,NOT_FOUND,NO_KYC_RECORD
8H68I9A7,Zachary,Simmons,0x8774d1c6bbf3c427725fd2b990f169f3792581ec,183.22,2024-05-28,554 Pine Place,Portland,OR,97201,555-7442,Media Productions,Designer,NOT_FOUND,NO_KYC_RECORD
8H68I9A7,Zachary,Simmons,0x8774d1c6bbf3c427725fd2b990f169f3792581ec,896.38,2024-08-19,554 Pine Place,Portland,OR,97201,555-7442,Media Productions,Designer,NOT_FOUND,NO_KYC_RECORD
ID074SG0,Peter,Cruz,0x87784d374dc663aa06c86e68be590d190a01a94b,1288.96,2024-03-28,918 Oak Place,Indianapolis,IN,46201,555-3357,Biotech Labs,Project Manager,NOT_FOUND,NO_KYC_RECORD
D9CLQHB1,Isabella,Ellis,0x8778637aa0f7b0f098e8d8fd6aea1b4be8130f6f,522.38,2024-03-26,336 Oak Boulevard,Los Angeles,CA,90001,555-6167,Travel Agency,Producer,PASSED,VALID
D9CLQHB1,Isabella,Ellis,0x8778637aa0f7b0f098e8d8fd6aea1b4be8130f6f,724.13,2024-11-14,336 Oak Boulevard,Los Angeles,CA,90001,555-6167,Travel Agency,Producer,PASSED,VALID
89CM5WVC,Brenda,Young,0x89050758df62c70764793ea4141dd83d0c29918f,3300,2024-05-01,420 Spruce Place,Tampa,FL,33601,555-4284,Energy Company,Mechanical Engineer,NOT_FOUND,NO_KYC_RECORD
Y98W4QG0,Emily,Sanchez,0x8ad1100b8fc3cf674adab8369d29dd583d37f6af,1345.48,2024-03-22,859 Cedar Place,Washington,DC,20001,555-7261,Investment Bank,Administrator,NOT_FOUND,NO_KYC_RECORD
Y0A4GCHY,Brandon,Kim,0x8deb771df348a346e9665651642b84e7612a8cfa,1144.44,2024-02-14,395 Spruce Circle,San Antonio,TX,78201,555-5033,Construction Co,Agent,NOT_FOUND,NO_KYC_RECORD
Y0A4GCHY,Brandon,Kim,0x8deb771df348a346e9665651642b84e7612a8cfa,789.78,2024-08-15,395 Spruce Circle,San Antonio,TX,78201,555-5033,Construction Co,Agent,NOT_FOUND,NO_KYC_RECORD
U6NQV6BX,Joseph,Edwards,0x90ec8941158a155fa43c5380f310082694f3350f,179.71,2024-11-10,108 Cedar Avenue,Detroit,MI,48201,555-3979,Healthcare Partners,Network Engineer,PASSED,VALID
VLI8N7T0,Dennis,Roberts,0x915cae980ea6f1dc227290e763860c6edfed97be,1730.25,2024-12-14,858 Willow Place,Virginia Beach,VA,23451,555-8252,Construction Co,Engineer,NOT_FOUND,NO_KYC_RECORD
NK71KXKQ,Justin,Murray,0x9179e979c6f88a2e5bb7452b9184f81b2fc72b2e,1526.06,2024-02-19,993 Oak Boulevard,Oakland,CA,94601,555-8023,Education First,CPA,NOT_FOUND,NO_KYC_RECORD
8KAP8OKK,Jennifer,Williams,0x947d80c2e24bddd798547911375235b11956d6e8,859.96,2024-02-21,173 Pine Court,Sacramento,CA,95801,555-5736,Energy Company,Software Engineer,NOT_FOUND,NO_KYC_RECORD
8KAP8OKK,Jennifer,Williams,0x947d80c2e24bddd798547911375235b11956d6e8,460,2024-12-08,173 Pine Court,Sacramento,CA,95801,555-5736,Energy Company,Software Engineer,NOT_FOUND,NO_KYC_RECORD
XW302M2V,Emma,Collins,0x96afedef0e3d47eed2c5089a3c77c9433a5d55f3,793.62,2024-08-29,727 Willow Boulevard,Omaha,NE,68101,555-7411,Insurance Corp,Restaurant Owner,NOT_FOUND,NO_KYC_RECORD
XW302M2V,Emma,Collins,0x96afedef0e3d47eed2c5089a3c77c9433a5d55f3,1097.92,2024-10-22,727 Willow Boulevard,Omaha,NE,68101,555-7411,Insurance Corp,Restaurant Owner,NOT_FOUND,NO_KYC_RECORD
TE036S5O,Douglas,Peterson,0x98c9e31d5cefdb7491465fa1ea6140a6eaa89f26,830.93,2024-12-25,309 Willow Place,Atlanta,GA,30301,555-7360,Tech Solutions Inc,Agent,NOT_FOUND,NO_KYC_RECORD
M91DV3DW,Christine,Harris,0x9e93a17d9105a0682c40ec8aa268897b68172689,3299.95,2024-05-24,333 Poplar Boulevard,Portland,OR,97201,555-5836,Tech Solutions Inc,Marketing Director,NOT_FOUND,NO_KYC_RECORD
M7SNFIY3,Hannah,Woods,0xa0248529dc5bf1a7ee913e470d88d4ed96744a6c,573.22,2024-09-17,216 Spruce Way,Boston,MA,02101,555-1214,Hotel Chain,Underwriter,PASSED,VALID
FDMKQED8,Victoria,Johnson,0xa0e522d400abacda16bc0f23af0ea42ec991324e,273.43,2024-11-25,435 Cedar Way,Sacramento,CA,95801,555-7872,Publishing House,Systems Analyst,NOT_FOUND,NO_KYC_RECORD
F8M7G9DL,Susan,Diaz,0xa51697eeedfb8e9d5af175aab64d1c1170dbf12e,262.73,2024-05-20,954 Elm Boulevard,Nashville,TN,37201,555-2828,Music Label,Research Scientist,PASSED,VALID
F8M7G9DL,Susan,Diaz,0xa51697eeedfb8e9d5af175aab64d1c1170dbf12e,147.46,2024-07-22,954 Elm Boulevard,Nashville,TN,37201,555-2828,Music Label,Research Scientist,PASSED,VALID
5W2GH215,Jacqueline,Ruiz,0xa6f73db471dfbf4fcdbc146bca6f57b4e4a21f36,836.6,2024-01-20,634 Maple Drive,Minneapolis,MN,55401,555-2653,Consulting Firm,Site Supervisor,NOT_FOUND,NO_KYC_RECORD
5W2GH215,Jacqueline,Ruiz,0xa6f73db471dfbf4fcdbc146bca6f57b4e4a21f36,1013.26,2024-11-27,634 Maple Drive,Minneapolis,MN,55401,555-2653,Consulting Firm,Site Supervisor,NOT_FOUND,NO_KYC_RECORD
IZZZXXH2,Brittany,Cook,0xa713dd62d42e06b1b4cb3f2f013c508b1e41da62,1433.53,2024-09-27,296 Maple Boulevard,New York,NY,10001,555-2747,Sports Management,Producer,NOT_FOUND,NO_KYC_RECORD
OX09YVNV,Donna,Myers,0xa946121fef719d4f0692dd4f7fdfa1f93e03fed8,1833.98,2024-04-06,339 Birch Court,Charlotte,NC,28201,555-6145,Financial Advisory LLC,Professor,PASSED,VALID
DMDT7SNV,Dennis,Jackson,0xab8ae0c9c2bcfcd1a1d2c470726590abdc7b42b2,119.92,2024-06-10,653 Cedar Place,Fresno,CA,93701,555-5858,Architecture Firm,Financial Analyst,NOT_FOUND,NO_KYC_RECORD
DMDT7SNV,Dennis,Jackson,0xab8ae0c9c2bcfcd1a1d2c470726590abdc7b42b2,1931.39,2024-09-15,653 Cedar Place,Fresno,CA,93701,555-5858,Architecture Firm,Financial Analyst,NOT_FOUND,NO_KYC_RECORD
GR57OCIL,Kevin,Marshall,0xaf6893930cf70d8e426d0974d7b6532cd5d29636,346.55,2024-03-26,223 Cedar Road,Raleigh,NC,27601,555-7242,Real Estate Group,Security Consultant,NOT_FOUND,NO_KYC_RECORD
GR57OCIL,Kevin,Marshall,0xaf6893930cf70d8e426d0974d7b6532cd5d29636,785.86,2024-04-20,223 Cedar Road,Raleigh,NC,27601,555-7242,Real Estate Group,Security Consultant,NOT_FOUND,NO_KYC_RECORD
6H1RMG77,Kelly,Diaz,0xb04cd64de83f984a0587cf8c4af20c920e8fcc4a,15.62,2024-02-03,509 Pine Circle,Atlanta,GA,30301,555-6981,Hospital Network,Systems Analyst,PASSED,VALID
6H1RMG77,Kelly,Diaz,0xb04cd64de83f984a0587cf8c4af20c920e8fcc4a,361.39,2024-06-16,509 Pine Circle,Atlanta,GA,30301,555-6981,Hospital Network,Systems Analyst,PASSED,VALID
FQJB26BY,Maria,Wallace,0xb3e6b4fa848d8c51f2a143379e76b27f5304455d,42.73,2024-07-08,590 Birch Avenue,Columbus,OH,43201,555-5668,Media Productions,Editor,NOT_FOUND,NO_KYC_RECORD
NPRNMY4U,Amanda,Fernandez,0xb3e7c95cc76bd535b1369a9d48ffe8a8a4a3a6b7,45.26,2024-09-17,294 Willow Drive,Omaha,NE,68101,555-7425,Tech Solutions Inc,Attorney,NOT_FOUND,NO_KYC_RECORD
OTBEOGIR,Amanda,West,0xb40ac5b4fbb12a16a036cd2251524f74e67edf23,849.83,2024-08-30,774 Ash Street,Charlotte,NC,28201,555-5523,Film Studio,Teacher,PASSED,VALID
HYRZFLYY,Carolyn,Wright,0xb5da13c9a2e6c944909df341735971f35f159f4b,830.56,2024-03-12,520 Ash Way,Fresno,CA,93701,555-2360,Accounting Firm,Software Engineer,PASSED,VALID
ZBWLU9BD,Nicholas,Wright,0xbc333228bdbf1ab6433082428f9f9ba4efaf6eef,1174.41,2024-03-07,601 Cedar Street,Tampa,FL,33601,555-4533,Real Estate Group,CEO,PASSED,VALID
BS2LMXM4,James,Powell,0xbe3499ead82ee1b832ad617e920fcb9420d95c15,985.14,2024-01-07,765 Elm Place,Miami,FL,33101,555-4207,Tech Solutions Inc,Banker,PASSED,VALID
BS2LMXM4,James,Powell,0xbe3499ead82ee1b832ad617e920fcb9420d95c15,784.79,2024-01-18,765 Elm Place,Miami,FL,33101,555-4207,Tech Solutions Inc,Banker,PASSED,VALID
BS2LMXM4,James,Powell,0xbe3499ead82ee1b832ad617e920fcb9420d95c15,1529.07,2024-04-01,765 Elm Place,Miami,FL,33101,555-4207,Tech Solutions Inc,Banker,PASSED,VALID
2TJUI40V,Carolyn,Williams,0xc314a1b0300b7bb183fa4fa72327b992d7b4c803,1108.07,2024-02-02,323 Ash Way,Milwaukee,WI,53201,555-8189,Tech Startup,Designer,NOT_FOUND,NO_KYC_RECORD
2TJUI40V,Carolyn,Williams,0xc314a1b0300b7bb183fa4fa72327b992d7b4c803,58.07,2024-11-11,323 Ash Way,Milwaukee,WI,53201,555-8189,Tech Startup,Designer,NOT_FOUND,NO_KYC_RECORD
7Y6HI04S,Scott,Bell,0xc35a158bfc9957ec35229112741f64942abbb36b,59.95,2024-06-27,120 Cedar Court,Columbus,OH,43201,555-1727,Logistics Co,Product Manager,NOT_FOUND,NO_KYC_RECORD
7Y6HI04S,Scott,Bell,0xc35a158bfc9957ec35229112741f64942abbb36b,128.88,2024-09-28,120 Cedar Court,Columbus,OH,43201,555-1727,Logistics Co,Product Manager,NOT_FOUND,NO_KYC_RECORD
KMN9ELGG,Sara,Vasquez,0xc6e6bd0e707daa49a2b682a80d8a57e607c9e38e,507.67,2024-07-24,949 Willow Drive,Milwaukee,WI,53201,555-4727,Music Label,Software Engineer,NOT_FOUND,NO_KYC_RECORD
9R1LB52B,Laura,Ward,0xc81131c2206dcacd857c8fd22937b17a9edade8b,3300,2024-01-07,125 Pine Place,Atlanta,GA,30301,555-3473,Consulting Firm,Pilot,NOT_FOUND,NO_KYC_RECORD
J06OIXBQ,Dennis,Martin,0xc9d6351894be064644e05fa77a3f3363070da9af,1950.42,2024-06-30,589 Ash Road,San Jose,CA,95101,555-4154,Security Firm,Creative Director,PASSED,VALID
INYIJ9SW,James,Jordan,0xca18afa644b2bc0c608e8c1ad9698976221d56c3,1821.1,2024-03-02,297 Birch Court,Phoenix,AZ,85001,555-6346,Insurance Corp,Physician,NOT_FOUND,NO_KYC_RECORD
8HMDGSZC,Michelle,Jenkins,0xce7368011f0d4c47c288448edd4b44236327976a,1939.77,2024-11-19,388 Pine Street,San Francisco,CA,94102,555-5756,Logistics Co,Game Developer,NOT_FOUND,NO_KYC_RECORD
9T7ZT14E,Debra,Alvarez,0xcfc1fa19b3e0c3cac56d1bc975212aa5725b732b,1394.56,2024-04-24,450 Oak Circle,Houston,TX,77001,555-6510,Pharmacy Chain,Editor,NOT_FOUND,NO_KYC_RECORD
Z9V2TMV2,Olivia,Hayes,0xd18e529ab2f0b718e2443b403698490da8b0b0a0,1625.94,2024-02-12,958 Spruce Place,Tampa,FL,33601,555-6908,Pharmacy Chain,Financial Analyst,NOT_FOUND,NO_KYC_RECORD
V6YR2VIQ,George,Patel,0xd26dd943f61a6c1254f148e1ff8971dccd051146,1770.13,2024-08-11,340 Willow Place,Denver,CO,80201,555-4765,Hospital Network,Pharmacist,NOT_FOUND,NO_KYC_RECORD
ZDLSNM46,Dennis,Lee,0xd3dedbb4a6bce1644f25ba9ceb57e31d515376c1,242.39,2024-12-25,177 Poplar Way,Omaha,NE,68101,555-2455,Law Associates,Editor,NOT_FOUND,NO_KYC_RECORD
H3D8ZLEY,Christian,Butler,0xd9345816116cd600b4d2a3a78c37eee7551ba686,1786.01,2024-01-23,953 Willow Lane,Austin,TX,78701,555-3971,Financial Advisory LLC,Director,NOT_FOUND,NO_KYC_RECORD
VPRPDFRK,Dennis,Kennedy,0xd9695fa9149cbfdd8c75a72588a4ca92a3b117a5,594.96,2024-08-12,536 Elm Street,Las Vegas,NV,89101,555-6049,Fashion House,Teacher,NOT_FOUND,NO_KYC_RECORD
VPRPDFRK,Dennis,Kennedy,0xd9695fa9149cbfdd8c75a72588a4ca92a3b117a5,747,2024-12-10,536 Elm Street,Las Vegas,NV,89101,555-6049,Fashion House,Teacher,NOT_FOUND,NO_KYC_RECORD
V4IHMZWN,Jordan,Tran,0xdce29b140ea98c1288fc73758b4b6789121e89ed,1388.81,2024-03-05,466 Spruce Avenue,Washington,DC,20001,555-9913,Consulting Firm,Operations Manager,NOT_FOUND,NO_KYC_RECORD
OWPDCNSA,Michelle,Hayes,0xdfc346b38246a7f4e673a6d6304ba681057561b5,1355.48,2024-07-23,973 Ash Court,Fort Worth,TX,76101,555-8237,Investment Bank,Software Engineer,NOT_FOUND,NO_KYC_RECORD
OWPDCNSA,Michelle,Hayes,0xdfc346b38246a7f4e673a6d6304ba681057561b5,538.37,2024-11-30,973 Ash Court,Fort Worth,TX,76101,555-8237,Investment Bank,Software Engineer,NOT_FOUND,NO_KYC_RECORD
OWPDCNSA,Michelle,Hayes,0xdfc346b38246a7f4e673a6d6304ba681057561b5,587.14,2024-12-22,973 Ash Court,Fort Worth,TX,76101,555-8237,Investment Bank,Software Engineer,NOT_FOUND,NO_KYC_RECORD
C99FD0WM,Susan,Ramirez,0xe0493f4d230fbb06510b6314e239317ece100144,219.96,2024-09-02,971 Spruce Court,Tampa,FL,33601,555-1572,Auto Industries,Project Manager,PASSED,VALID
C99FD0WM,Susan,Ramirez,0xe0493f4d230fbb06510b6314e239317ece100144,51.43,2024-12-27,971 Spruce Court,Tampa,FL,33601,555-1572,Auto Industries,Project Manager,PASSED,VALID
W94BZF6D,Christina,Parker,0xe0538f86fe2ca2184330103e34d4de7daea201af,34.18,2024-02-20,577 Oak Lane,Indianapolis,IN,46201,555-5078,Telecom Company,Systems Analyst,NOT_FOUND,NO_KYC_RECORD
UG1P460X,Samuel,Martin,0xe2026c7617466af6b694e2f57ceee189ae685bdd,437.1,2024-05-13,498 Pine Circle,Chicago,IL,60601,555-4625,Food Services,Security Consultant,PASSED,VALID
UG1P460X,Samuel,Martin,0xe2026c7617466af6b694e2f57ceee189ae685bdd,1108.98,2024-12-04,498 Pine Circle,Chicago,IL,60601,555-4625,Food Services,Security Consultant,PASSED,VALID
WTKHNAZW,Tyler,Adams,0xe23ce54ff4ff2439fdde6fbc43f32cf76277bbf3,575.65,2024-09-13,538 Pine Drive,Honolulu,HI,96801,555-9026,Healthcare Partners,Engineer,NOT_FOUND,NO_KYC_RECORD
W16RO41P,Willie,Myers,0xe28eb12c0381ce4f4b121a6c6816b448f569bbf9,27.51,2024-05-28,613 Ash Place,Albuquerque,NM,87101,555-6084,Financial Advisory LLC,Partner,NOT_FOUND,NO_KYC_RECORD
EGCUQSJ6,Nathan,Jones,0xe35eb7275294e6c56afcb2ce3631fd87ed16f91e,911.19,2024-09-04,799 Ash Place,Minneapolis,MN,55401,555-6887,Art Gallery,Project Manager,NOT_FOUND,NO_KYC_RECORD
HX1TJEQY,Keith,Vargas,0xe5e7c4760c8ff66f4cfc648aad78ec321e41622f,27,2024-05-25,334 Ash Drive,San Antonio,TX,78201,555-4237,Biotech Labs,Network Engineer,NOT_FOUND,NO_KYC_RECORD
E0QIM197,Raymond,Tran,0xe9cd7aa390c37c805be81281d2dbcc2f87a6b8a4,19.32,2024-09-29,591 Poplar Way,Charlotte,NC,28201,555-6800,Hospital Network,Consultant,NOT_FOUND,NO_KYC_RECORD
EOP0RWRO,Helen,Baker,0xf0a6904f179b5cccd9abb57ce3890745e1bb6cf2,589.23,2024-10-26,116 Elm Avenue,Charlotte,NC,28201,555-1093,Film Studio,Agent,NOT_FOUND,NO_KYC_RECORD
AE6STQMB,Laura,Alvarez,0xf0db28b02e0aefc44f0c8f440689b2e8b2aab742,865.48,2024-03-28,812 Spruce Boulevard,Atlanta,GA,30301,555-8531,Sports Management,Network Engineer,NOT_FOUND,NO_KYC_RECORD
AE6STQMB,Laura,Alvarez,0xf0db28b02e0aefc44f0c8f440689b2e8b2aab742,489.5,2024-05-29,812 Spruce Boulevard,Atlanta,GA,30301,555-8531,Sports Management,Network Engineer,NOT_FOUND,NO_KYC_RECORD
8XQ3USL9,Steven,Simmons,0xf4b45c2c886e754735d3a925c01b646749f44422,1031.61,2024-03-29,631 Oak Boulevard,Columbus,OH,43201,555-2086,Insurance Corp,Partner,NOT_FOUND,NO_KYC_RECORD
ES2FK5CG,Heather,Gonzalez,0xf4b66f6222fa72269483a2db98ccc67ba33e2488,613.34,2024-04-27,814 Oak Avenue,Fresno,CA,93701,555-7715,Healthcare Partners,Site Supervisor,NOT_FOUND,NO_KYC_RECORD
0ZAA8WA1,Barbara,Martin,0xf8939b634a74a54acc65e84e6b47b515e2e0ea25,1891.35,2024-05-12,393 Elm Boulevard,Chicago,IL,60601,555-8290,Logistics Co,Partner,NOT_FOUND,NO_KYC_RECORD
UULAEUSF,Katherine,Medina,0xf9ffe8604491a3bbdbbcd10ef5c1bb27ca066401,1425.87,2024-02-14,392 Maple Circle,Kansas City,MO,64101,555-6505,Financial Advisory LLC,Physician,NOT_FOUND,NO_KYC_RECORD
UULAEUSF,Katherine,Medina,0xf9ffe8604491a3bbdbbcd10ef5c1bb27ca066401,291.28,2024-11-10,392 Maple Circle,Kansas City,MO,64101,555-6505,Financial Advisory LLC,Physician,NOT_FOUND,NO_KYC_RECORD
