unique_id,first_name,last_name,phone_number,employer,occupation,address_line_1,address_line_2,city,state,zip,wallet_address
528KDAEQ,Marie,Ford,555-8727,Logistics Co,CPA,867 Spruce Boulevard,Unit 6A,Minneapolis,MN,55401,0x389823300130cdcaf022b7d3d1c878ce15441133
KGXWR2WG,Kenneth,Hughes,555-4882,Healthcare Partners,Network Engineer,443 Birch Drive,,San Antonio,TX,78201,0xcaf899f8d2a7c35cbb337507657ae93ddd4cab77
N8L248JX,Keith,Herrera,555-5504,Security Firm,Designer,205 Elm Way,,Fresno,CA,93701,0x1c15b273a40f0ec7156240ef5649957a91c3be31
GMC4HU1A,Chloe,Washington,555-8722,Hospital Network,Real Estate Agent,137 Elm Road,,Houston,TX,77001,0x72b6fbbefe9c2189db481e1d965db73185cf4ce6
FPZLFMHR,Nathan,Harrison,555-5954,Education First,Real Estate Agent,591 Ash Avenue,Suite 7A,Detroit,MI,48201,0x3d952cd9aa7983084912522abd41abd9caa1c11a
M65RJT76,Larry,Washington,555-2965,Architecture Firm,Producer,103 Cedar Way,,Minneapolis,MN,55401,0x29e23b3764a9a3fa6d1d8b9db63ea2cbcd964090
0R17I15A,Richard,James,555-8020,Accounting Firm,Product Manager,658 Oak Street,,Oakland,CA,94601,0x511446388a9ec4cac4672ae181f1b12410db5150
JTFTYIIW,Katherine,Morales,555-1281,Consulting Firm,Teacher,676 Birch Avenue,,Raleigh,NC,27601,0xa1a3f04ca212c098bc5b61c33ad20991cf2a5aa5
H1TMJONR,William,Martinez,555-6708,Investment Bank,Operations Manager,904 Willow Road,,San Diego,CA,92101,0x093d614695a5f341982eafec2535a8cf5b968706
GKFZ8VML,Benjamin,Gonzalez,555-2045,Tech Startup,Pharmacist,228 Birch Avenue,Suite 14,Portland,OR,97201,0xd31d13c11820e496c395ccc87d0f9e3521a457bb
SHCMURR9,Roger,Simmons,555-4838,University,Designer,499 Spruce Avenue,,Las Vegas,NV,89101,0x81dc2a10585031750230116e9f3af7cdb76f19c4
5CGDJPQM,Kyle,Aguilar,555-2487,Publishing House,Underwriter,943 Cedar Way,,New York,NY,10001,0x95cdc33cd55a73f43c543223cfd76c6ab14c8d78
AKFNUF1V,Denise,Walker,555-1048,Aerospace Corp,Pilot,354 Cedar Boulevard,Unit 7B,Jacksonville,FL,32201,0xd4b964e186fa469c3c7a2de8a135d1b211d2b063
AYS92TUR,Janet,Butler,555-4113,Global Marketing Corp,Director,469 Maple Place,,Chicago,IL,60601,0xcfb51711a19426a0ada164d078f3e4f75005bcf5
U6NQV6BX,Joseph,Edwards,555-3979,Healthcare Partners,Network Engineer,108 Cedar Avenue,,Detroit,MI,48201,0x90ec8941158a155fa43c5380f310082694f3350f
C99FD0WM,Susan,Ramirez,555-1572,Auto Industries,Project Manager,971 Spruce Court,,Tampa,FL,33601,0xe0493f4d230fbb06510b6314e239317ece100144
YPJMUPXG,Dorothy,Chen,555-3695,Tech Solutions Inc,Partner,938 Maple Drive,Floor 4B,San Diego,CA,92101,0x873671db63dd44fa0122b173e11a9243bee13f1d
Y6GLY6OI,Deborah,Hamilton,555-5316,Global Marketing Corp,Site Supervisor,688 Ash Road,,Milwaukee,WI,53201,0x6e03c67550c7202db0791a948ad7aeb4f35083b8
WVD3JZ0S,Janet,Hamilton,555-5176,Media Productions,Network Engineer,616 Poplar Way,,Detroit,MI,48201,0x5f29d7266520f905a7ed3dc31fee98e81cd72907
RVH47UAR,Nancy,Wood,555-8793,Hotel Chain,Mechanical Engineer,328 Pine Road,,Denver,CO,80201,0x5b5217434abc0285bc3bfabfd4a86d5ef1aab382
RO8MLSLJ,Dorothy,Nguyen,555-6003,Logistics Co,Engineer,682 Willow Road,Unit 10B,Anaheim,CA,92801,0x5e704f4ffe03c484b389e71c4148eed9596195db
WFRQN256,Joseph,Hamilton,555-3108,Art Gallery,Editor,887 Spruce Place,Floor 1D,Milwaukee,WI,53201,0xc28211cd684e6aacd6c870fdbd8e2eadd26a4d1b
RHYYRN52,Scott,Parker,555-9946,Telecom Company,Product Manager,774 Poplar Way,,San Jose,CA,95101,0xd9c2b554264354ab4d848973bb94f8833194a3dd
OW0EVOMW,Carol,Lewis,555-7248,Retail Chain,Project Manager,589 Maple Road,,Houston,TX,77001,0xc89a538d92fcdfb3898a129212d42b9b3527448a
N1K17R1C,Nicholas,Anderson,555-6182,Accounting Firm,Producer,429 Pine Avenue,Unit 6B,Denver,CO,80201,0x7f1f1ad49342f1014031d75e68def22405c199e0
ATY1MTAX,Mason,Jackson,555-2761,Tech Startup,CPA,289 Poplar Drive,,Virginia Beach,VA,23451,0xe72a9b0a646bbd26834bc1375e5190f0d59bf2f7
T8UUGKEH,Julie,Kim,555-3716,Nonprofit Org,Security Consultant,220 Willow Way,,Indianapolis,IN,46201,0x4fc80d6a55925a5b5b8e3ae9c6fa56c9cf9bff5b
09YZMK00,Susan,Thomas,555-5566,Food Services,Operations Manager,101 Oak Place,Floor 5,Austin,TX,78701,0xdb2581b00532cc8d7dade56ecbe882f407f8dafd
R777W9HK,Gary,Fernandez,555-2732,Telecom Company,Site Supervisor,147 Elm Circle,,Washington,DC,20001,0xc1ab1b721127e5f5979f1ac7b13c8b641d512736
6H1RMG77,Kelly,Diaz,555-6981,Hospital Network,Systems Analyst,509 Pine Circle,,Atlanta,GA,30301,0xb04cd64de83f984a0587cf8c4af20c920e8fcc4a
56ZDXBGG,Diane,Castro,555-1388,Sports Management,Designer,152 Birch Road,,San Francisco,CA,94102,0xd5c3f5602692ee8ca8591ce4aef064338dd8db52
OZFQJHBH,Sara,Henry,555-6106,Energy Company,Travel Agent,555 Willow Circle,Floor 17C,Houston,TX,77001,0x9f70bcd17cd3dde199eceac070dd4333cfeb2b9b
D642SV9S,Dorothy,Thompson,555-1689,Auto Industries,Editor,911 Oak Court,,Fresno,CA,93701,0x4b7c56f48a7c6f247dfdaa847200b9a6734f80cb
3KNRV10C,Mia,Wallace,555-3479,Accounting Firm,Editor,240 Maple Lane,,Denver,CO,80201,0xbf3310854a0698b75b94a53fbb1b103bd74452da
0BDMAU6J,Nicholas,Nguyen,555-8654,University,Restaurant Owner,629 Oak Lane,,Virginia Beach,VA,23451,0xbffd588a983db6eeb7f45db56de275b0a1ff3d51
NJ6HCP2U,Jacob,Price,555-8692,Insurance Corp,Consultant,629 Willow Way,Suite 7,San Diego,CA,92101,0xf7d49586e5950b57a0a1a27ff2132256ade4c2e4
BELZFATP,Dennis,Campbell,555-5231,Consulting Firm,Editor,500 Cedar Circle,,Houston,TX,77001,0x0eab408c7f6720241267bf93385746c0b09d8ab2
M7SNFIY3,Hannah,Woods,555-1214,Hotel Chain,Underwriter,216 Spruce Way,,Boston,MA,02101,0xa0248529dc5bf1a7ee913e470d88d4ed96744a6c
UG1P460X,Samuel,Martin,555-4625,Food Services,Security Consultant,498 Pine Circle,,Chicago,IL,60601,0xe2026c7617466af6b694e2f57ceee189ae685bdd
O519XXZ0,Susan,Scott,555-9315,Sports Management,Software Engineer,175 Poplar Boulevard,,Charlotte,NC,28201,0x9438b6338433c17b9923cd46fe6fce408257e854
BGMOP7U9,Joseph,Chen,555-6047,Real Estate Group,Director,556 Maple Street,,Washington,DC,20001,0x123aea2d83f33f9639ec7ab0f6308bfd804d4e59
VI4XLMGC,Frank,Baker,555-7811,Auto Industries,Systems Analyst,343 Cedar Drive,,Portland,OR,97201,0xb0e02414ca276ec9025174a41c9f5d7c393d3735
Z3BKXSJK,Mark,Moore,555-6503,Music Label,Systems Analyst,208 Elm Boulevard,,Columbus,OH,43201,0x3d7fac4b6a60d79a8c3056174abcd70de2aa7178
PYU7VDP8,Christine,Washington,555-5974,Nonprofit Org,Producer,104 Pine Drive,Unit 15A,Charlotte,NC,28201,0x5246d0a65978e9bd34c7aa7a52354b9f49797a80
B2NUAT8F,Anthony,Flores,555-1107,Film Studio,Security Consultant,284 Poplar Lane,Apt 16,Milwaukee,WI,53201,0xc47c735676f830266f075500607c8b6dcf74100d
SR0XIYE7,Evelyn,Morgan,555-5917,Healthcare Partners,Agent,437 Willow Place,,Boston,MA,02101,0x8e6c80e2ca5ea6ce98f0d1e345de35833f3c6daf
J22GVCNA,Peter,Flores,555-7069,Healthcare Partners,Administrator,922 Willow Lane,Floor 10B,Chicago,IL,60601,0xb3da7e4ebf6ffd2af197ee1c07f82a269975900b
M57JWYHO,Mark,Kim,555-3690,Retail Giants,Director,855 Poplar Way,,Tucson,AZ,85701,0x3a5054038cd2fc7a7853c57d8954649a7250c2e2
88V3LGC5,John,Graham,555-6740,Logistics Co,Editor,627 Cedar Boulevard,Unit 10D,Nashville,TN,37201,0x62ed640cbb563552f7b7fe4bceea4e207e63ac12
LZ5I9SHV,Albert,Baker,555-7631,Education First,Financial Analyst,381 Willow Drive,Suite 15B,San Jose,CA,95101,0x59324ae958fcda4f8da60947a4b7b7b61d0d8c95
V3MEWMIB,Richard,Perry,555-7200,Food Services,Attorney,749 Pine Court,Unit 2,Houston,TX,77001,0x1c76af4858fb2bf47d806117b433252f6df240cf
KMFOSQ9O,Nicholas,Hughes,555-7691,Tech Startup,Software Engineer,173 Birch Court,,Milwaukee,WI,53201,0x70ec3b64e8ecfb732b3eeea4ee8d0cc5a050055c
I3CLB3U4,Nathan,Bailey,555-1803,Logistics Co,CEO,731 Oak Way,,Seattle,WA,98101,0x4a59d912a286645b5eb383d809755d8e03b383ae
Z7D01HCO,Maria,Lopez,555-4347,Aerospace Corp,Software Engineer,287 Poplar Way,Unit 7A,Las Vegas,NV,89101,0x91032e1c241eb232473f3207c126a8ad63142151
OTBEOGIR,Amanda,West,555-5523,Film Studio,Teacher,774 Ash Street,Floor 12B,Charlotte,NC,28201,0xb40ac5b4fbb12a16a036cd2251524f74e67edf23
VXAQ4IID,Noah,Vasquez,555-3650,Telecom Company,Teacher,813 Ash Boulevard,,San Francisco,CA,94102,0x16f530f01f1116cfd3c5c022aab6f0441df82fbd
IWDDS5E2,Martha,Griffin,555-1364,Pharmacy Chain,Product Manager,365 Poplar Drive,,Sacramento,CA,95801,0x56dbb7022afe7471367af04b2e335b6933347610
PRQ7DN55,Gary,Richardson,555-5831,Airlines,Attorney,338 Willow Circle,,Tucson,AZ,85701,0xa4c74717998c823cecf4c2c3a33090f19d4c42bf
PK7M5CYL,Gregory,Jenkins,555-8430,Music Label,Professor,939 Poplar Avenue,,Los Angeles,CA,90001,0x451206a32e3cdb54034607fcc15ae4faa519cee6
88WA7AE6,Rachel,Rivera,555-1161,Energy Company,CPA,678 Maple Circle,,Seattle,WA,98101,0xc48b54d557d3c9529c23d177cfffed245a7d2d84
6B79XWGZ,Charlotte,Thomas,555-8609,Telecom Company,Security Consultant,770 Elm Avenue,,Nashville,TN,37201,0x2927d35d2a3924e9c512cdd57324ab667d9b5240
G3X14JZS,Sarah,Stewart,555-9630,Fashion House,Underwriter,203 Pine Way,,Phoenix,AZ,85001,0xd12ebf99165be63efdae3643b594908a5ba40f94
A6PP7PTU,Harold,Kelly,555-9405,Investment Bank,Director,157 Cedar Street,,Houston,TX,77001,0x4c68a3c25f3972a52ee41fcc206a491d10a86093
LFU0TPM0,Sara,Coleman,555-5254,Construction Co,Software Engineer,864 Oak Lane,Unit 15B,Austin,TX,78701,0x036c512f46d765956869b2d40e8accf9ff9c8613
SM4CDJVD,Helen,Marshall,555-8336,Financial Advisory LLC,Pharmacist,740 Pine Place,Unit 1C,Las Vegas,NV,89101,0xc58fab270324ae5f7cb4ec889b9556ebdcc82ff0
E74CP3JL,Ruth,Reynolds,555-8006,Investment Bank,Attorney,197 Spruce Court,,Washington,DC,20001,0x6e83310679316490554256c2ebe2794384f696b4
CLXQWT3A,Ruth,Ward,555-9507,Publishing House,Network Engineer,871 Poplar Place,Apt 3B,Washington,DC,20001,0xdffab27435ec99602c08bbbceeb6b8965111e380
K0BXXNX8,Janet,Medina,555-6835,Pharmacy Chain,Creative Director,304 Birch Lane,,Virginia Beach,VA,23451,0x0414ee77c70a4b177476bb8a62030ad6e7a9c903
SZ0U7SDI,Eugene,Lopez,555-6499,Energy Company,Producer,689 Oak Circle,,Portland,OR,97201,0x2ed80c2060b0bcb884633300a5f0c022d13c55c4
FTOU2TAA,Nathan,Henry,555-3632,University,Regional Manager,567 Cedar Street,Unit 8A,Omaha,NE,68101,0x6dd2aafaa2c1bddf8e3244e7dba080840dc303f6
YU6YB70U,Hannah,Murray,555-3790,Telecom Company,Operations Manager,473 Pine Road,,Albuquerque,NM,87101,0xaad6f2d05b4a8dd79a235aac79bd0cb66fc902b4
Y7YXP2TQ,Mason,Taylor,555-3169,Airlines,Mechanical Engineer,825 Birch Drive,Unit 2B,San Jose,CA,95101,0x1a266923ce883405ef40730b8973cd7781442039
HYRZFLYY,Carolyn,Wright,555-2360,Accounting Firm,Software Engineer,520 Ash Way,,Fresno,CA,93701,0xb5da13c9a2e6c944909df341735971f35f159f4b
FL9JAHD9,Mary,Hill,555-7071,Telecom Company,Director,798 Cedar Drive,,Los Angeles,CA,90001,0x8dddd92fe0c41f9bcd1c691d0c5ad6dde2b041f7
FVLTKA72,Willie,Cole,555-1146,Investment Bank,Director,658 Poplar Court,Apt 9B,Columbus,OH,43201,0x4bcf2ec29162839ee2ca8a0f8e211fd93fad0c39
3W5ALWRR,Janet,Davis,555-8515,Airlines,Security Consultant,600 Ash Lane,,Honolulu,HI,96801,0xa5b8713b30d61efa45a5aa1bee886114e7285ae5
GHN1RBNW,Douglas,Long,555-7641,Aerospace Corp,Systems Analyst,312 Poplar Lane,,Austin,TX,78701,0x2da6ed35f23a97f2bcb70f9b04821754947703b5
8PJKSA9T,Nicole,Barnes,555-3394,Airlines,Designer,914 Birch Boulevard,Floor 11,Seattle,WA,98101,0x9a06e55450010b14dde2dcf2b53a154a280f48d8
5CMFBIGJ,Kevin,Moreno,555-8408,Food Services,Director,266 Birch Lane,,Austin,TX,78701,0xa86ebf5c6e1798670eddfc617571f0f66012443c
7JANJW8N,Betty,Chen,555-8731,Insurance Corp,Partner,107 Maple Street,Unit 14A,Seattle,WA,98101,0x38e4b0a6a588e9d74cabb09e47c97fecb88bcc77
HQJAMOKJ,Brandon,Wilson,555-3565,Security Firm,Network Engineer,595 Birch Avenue,,San Diego,CA,92101,0x740ffb0b40dc0657755d032015c4db9ad64b3976
F8M7G9DL,Susan,Diaz,555-2828,Music Label,Research Scientist,954 Elm Boulevard,,Nashville,TN,37201,0xa51697eeedfb8e9d5af175aab64d1c1170dbf12e
PCD1I21G,Stephanie,Scott,555-9076,Tech Startup,Creative Director,825 Willow Boulevard,Suite 6A,Omaha,NE,68101,0xd3d98a75220621db18d57b5b07fa9cee7ba57e5b
GSUUB5TR,Charles,Mendoza,555-9302,Food Services,CPA,911 Birch Boulevard,,New York,NY,10001,0xe2c706cfd225c0cf831d08c31bb37354af2c8919
SHE614ID,Michael,Jimenez,555-7770,Hospital Network,Pharmacist,925 Birch Court,,Milwaukee,WI,53201,0x8667d73fe41a5e3be9060bb3054afc3abca4c0d4
EDE258YS,Samantha,Gray,555-1403,Hospital Network,Marketing Director,525 Maple Road,Apt 19B,Denver,CO,80201,0x4553981961ac4e9ff9ecc2dc292065f533706b07
36N9US4W,Mary,Martinez,555-3901,Aerospace Corp,Administrator,805 Cedar Boulevard,,Las Vegas,NV,89101,0xdfe04bdda2edaf4d70a54280e670539c895b666b
EIBZFFHN,Ruth,Owens,555-4789,Tech Solutions Inc,Restaurant Owner,657 Elm Boulevard,,Cleveland,OH,44101,0x72964cb2e2699a2dbbf456ceee7dacda44da9b80
RVU5VEGQ,Rebecca,Stewart,555-9327,University,CEO,573 Ash Court,,Philadelphia,PA,19101,0x36f1090b91b3b445043ed991bc03a5131de73a5c
8M0BJ6U9,Julia,Mitchell,555-3396,Art Gallery,Game Developer,603 Ash Street,Unit 10D,Kansas City,MO,64101,0x25537341182677efd7b13297b9d158737b2c10c3
JDXXXWYL,Donna,Watson,555-1244,Consulting Firm,Pharmacist,120 Spruce Court,,Fort Worth,TX,76101,0x5ec2e3f1778578e5e4787688687d7bce48ddffc8
MU05EHN8,Mia,Flores,555-6448,Logistics Co,Director,409 Ash Avenue,,Fresno,CA,93701,0x788e786a84e2741f0d3a03bc438f46eac5480457
RKW0PCWC,Christopher,Brooks,555-9273,University,Financial Analyst,543 Ash Road,Unit 1B,San Diego,CA,92101,0xd7127c4f05d392241115159664e3001d27e30d00
J06OIXBQ,Dennis,Martin,555-4154,Security Firm,Creative Director,589 Ash Road,,San Jose,CA,95101,0xc9d6351894be064644e05fa77a3f3363070da9af
EDNEHHZM,Wayne,Moreno,555-7508,Publishing House,Producer,779 Birch Avenue,Unit 1,Nashville,TN,37201,0x212a27e3197e1bf2d1028ed9e5e73b0bf992c49b
EOA89JQR,Kevin,Cooper,555-7208,Real Estate Group,Creative Director,568 Birch Drive,,Charlotte,NC,28201,0x25a81d9a08710762512088f686cb2a11cb08d3aa
7VJ3FRR4,Richard,Clark,555-9050,Investment Bank,Network Engineer,823 Oak Way,,Portland,OR,97201,0x3db649759a4d043e67df1f4322b1bf316ee3d350
WUQZ5J7M,Christine,Rodriguez,555-7928,Logistics Co,Architect,517 Poplar Lane,Unit 19C,Philadelphia,PA,19101,0xd24c03d9eb68cb0ca673e3b804a64d5ff92f50fe
M13JF1JW,Debra,Anderson,555-9600,Nonprofit Org,Operations Manager,524 Pine Court,,Seattle,WA,98101,0x523a2ca6a5d61408a22071c45869970473e785a5
GVS9G194,Nicholas,Bennett,555-1287,Art Gallery,Administrator,722 Elm Street,Unit 9A,San Francisco,CA,94102,0xa582e71a8641b4387fd9b19f2ea2466f57057cb7
Z49IUHZ7,Abigail,Tran,555-1844,Tech Startup,Attorney,102 Oak Drive,,Indianapolis,IN,46201,0xf130e0863163c0b826401aabb357abe76423e64d
3BPC7AAP,Barbara,Alvarez,555-1041,Food Services,Real Estate Agent,151 Elm Road,Apt 18C,Philadelphia,PA,19101,0x7749e2a80b8ed640195638f4afdc45743decd62d
S93BYRRL,Stephanie,Rodriguez,555-8511,Art Gallery,Restaurant Owner,516 Birch Street,,Dallas,TX,75201,0x331c7d493a47bc61c5ef43b909197f57473a2823
HHQ0QK7W,Nancy,Owens,555-4114,Media Productions,Editor,271 Pine Way,,Charlotte,NC,28201,0xeed6e464946c984cd8627f9b4ce7bd6386024883
11UM2Q0N,Jacqueline,Lee,555-4514,Hospital Network,Physician,648 Spruce Circle,Unit 1A,Honolulu,HI,96801,0x9b66d0239103566ea3ca10d51b070535f61e4080
3KNFKO94,Eric,Hayes,555-5491,Retail Chain,Creative Director,572 Elm Lane,,Charlotte,NC,28201,0x058b6a2bce0cffccfcaa636fd576ee0088d0968c
QP9MKOB3,Megan,Jones,555-7212,Financial Advisory LLC,Administrator,170 Poplar Road,,Denver,CO,80201,0xe7afe666dd25a85a3697b758599e7e4aefb2b916
ZBWLU9BD,Nicholas,Wright,555-4533,Real Estate Group,CEO,601 Cedar Street,Floor 3D,Tampa,FL,33601,0xbc333228bdbf1ab6433082428f9f9ba4efaf6eef
9657FN0X,Stephanie,Davis,555-6031,Tech Solutions Inc,Physician,876 Elm Court,Floor 8A,Denver,CO,80201,0x071f54373afe3435fa757ffd28267866df96f0ea
6N9ER1BL,Douglas,Adams,555-8461,Telecom Company,Game Developer,804 Oak Road,,Raleigh,NC,27601,0x83b6074d0ce3563d1bf260b43c53e203875f1508
OQ8REGOO,Lisa,Vargas,555-9290,Hospital Network,Professor,633 Elm Avenue,,Raleigh,NC,27601,0x2af4f45337748ab94ea48c9ee265c6e5d86c75d3
D9CLQHB1,Isabella,Ellis,555-6167,Travel Agency,Producer,336 Oak Boulevard,,Los Angeles,CA,90001,0x8778637aa0f7b0f098e8d8fd6aea1b4be8130f6f
OSULX20W,Peter,Harris,555-7305,Sports Management,Store Manager,909 Maple Street,Apt 14A,Boston,MA,02101,0x1cd6698f0bb2e9f00a28d60182790251a6fc32cd
A88B4W6U,Roger,Patterson,555-4889,Telecom Company,Consultant,816 Cedar Court,,Indianapolis,IN,46201,0x945fd30073025c83b7d5e0a2f52cd8c99f1b3c41
XMLRSNUU,Jordan,Murray,555-1428,Security Firm,Real Estate Agent,859 Elm Drive,,Minneapolis,MN,55401,0x686331fa40a50fe951fbcaee3c01aa5788209fc3
DPU4LFH5,Rachel,Washington,555-7605,Publishing House,Regional Manager,529 Pine Way,Floor 13A,Tampa,FL,33601,0xec40ecaa21c830eb220aec6bdd61f20f4d8d0902
59W1P4OK,Brittany,Coleman,555-6745,Logistics Co,Financial Analyst,594 Elm Drive,,Denver,CO,80201,0xda2bdc821245ad09e7ab40fcdd6d819b3085deaa
CW9F2S7B,Timothy,Davis,555-1117,Retail Chain,Creative Director,114 Birch Circle,Floor 10,Portland,OR,97201,0xd4dfa25dfa0ebb7f7d4dc6517e13480c53310602
9UKB5II8,Olivia,Flores,555-2278,Music Label,Restaurant Owner,684 Ash Drive,,Honolulu,HI,96801,0x0f159d25fdeb495ceca6ab96b777f70bf9689087
IXE2CDCX,Brian,Bennett,555-8208,Healthcare Partners,Mechanical Engineer,680 Elm Circle,,Boston,MA,02101,0xe59dac08957848aa86a4089a1abbc6b06b2f4669
RGC5FGYK,Chloe,Coleman,555-7646,Consulting Firm,Mechanical Engineer,132 Pine Boulevard,,Jacksonville,FL,32201,0x4b5f1e6182ef75c6523bf5788593174d0c3a39bb
IO05GNHO,Carol,Taylor,555-6953,Telecom Company,Systems Analyst,190 Birch Avenue,,Honolulu,HI,96801,0x3f8d7a8fb22c72bbe5ac802b4507b450ba2c02c5
0GRFGDDN,Jason,Alexander,555-3078,Pharmacy Chain,Attorney,694 Poplar Road,Unit 5C,Charlotte,NC,28201,0xc55ff96fd57ff0b9bb879d9889e5b8ed63e6f76a
58XSMTBA,Larry,Lopez,555-5006,Gaming Studio,Research Scientist,212 Ash Place,,Honolulu,HI,96801,0x541695a4beb314874209114217a5b9abc8327371
XZR76Y7I,Carol,Vargas,555-8673,Tech Startup,Professor,861 Elm Lane,,Honolulu,HI,96801,0x8b05af7f1b29103d4c76e0f4e03059c923b3bd34
V2VYVVO0,Douglas,Johnson,555-3359,Biotech Labs,Project Manager,466 Elm Lane,,Austin,TX,78701,0xac9132a4f62978467609c50650313e0ea30ff3ea
HLF0DYXX,Jack,Chavez,555-4643,Insurance Corp,Research Scientist,530 Maple Avenue,,Detroit,MI,48201,0xc370901828aa50a916dfe7653499953116b4dcae
4M0JKQ3B,Carolyn,Phillips,555-4813,Telecom Company,Research Scientist,378 Poplar Street,,Tucson,AZ,85701,0xfb982a3b95dad8098e918f57871d2e3c3a5281f8
BS2LMXM4,James,Powell,555-4207,Tech Solutions Inc,Banker,765 Elm Place,Suite 2D,Miami,FL,33101,0xbe3499ead82ee1b832ad617e920fcb9420d95c15
HXHX4VMR,Denise,Brown,555-1457,Gaming Studio,Engineer,793 Birch Avenue,,Phoenix,AZ,85001,0x53598c1e45f207f550fe89ffc12ea5fa1074c6f5
F7373NAP,James,Young,555-7230,Financial Advisory LLC,Teacher,980 Poplar Place,,Tampa,FL,33601,0x2b1b87da659c2a97a380059329f8abca3d433cff
G2EY457P,Maria,Patel,555-3900,Travel Agency,Software Engineer,585 Ash Road,Unit 16C,Philadelphia,PA,19101,0x5bb8c5e66c45b686c8fcfe1dcf922b8be1c0cc65
61R02LE0,Anna,Fisher,555-2683,Global Marketing Corp,Software Engineer,505 Pine Avenue,,Virginia Beach,VA,23451,0xf8a9a9456b79e71dd0fa744aff14050f24f76ddf
HB0KZGZV,Janet,Smith,555-8030,Construction Co,Agent,885 Poplar Road,Apt 2A,Seattle,WA,98101,0x23f734463c3f9de09b89f973345d59d07823471f
QC3S78YD,Jennifer,Vargas,555-7513,Pharmacy Chain,CPA,613 Pine Way,,Miami,FL,33101,0x4c1e27a0b54c139d71fb26e36844d22f93aa4cf3
GAVDF2JW,Michelle,Howard,555-8241,Film Studio,Attorney,217 Spruce Street,,Miami,FL,33101,0x2b44efbf555afa30543e56958095d15d05180e1f
ZO41S71R,David,Perez,555-6532,Nonprofit Org,Store Manager,479 Oak Place,,Atlanta,GA,30301,0x63a1ea1588480d7c126c336d05a4abbc10417600
X7EJVPUI,Dorothy,Henderson,555-3851,Consulting Firm,Operations Manager,761 Spruce Street,,Philadelphia,PA,19101,0x76495a8d986977c62e334cec1a2126785f357d99
JFPK0JBX,Christina,Richardson,555-5594,Food Services,Pilot,696 Pine Circle,Apt 19A,Tampa,FL,33601,0x8fe5b8e7599f87610b43f64537186a9da4a05b31
18QL8MLY,Gregory,Henry,555-8012,Hospital Network,Banker,885 Spruce Avenue,,Austin,TX,78701,0xcaf3a68da383816a78f910a87e4e8346948030c0
FCPJ4T0A,Charles,Reyes,555-2109,Travel Agency,Security Consultant,273 Cedar Court,Apt 17,Boston,MA,02101,0x4ca8c1ea0324538018d71b219d01121f44802ea4
PEDKQ7XI,Jennifer,Green,555-3657,Investment Bank,Pilot,619 Elm Place,Suite 5D,Charlotte,NC,28201,0x80158c8aa850f8a497c8062d26f795c00993798e
AVMDYV3T,Carolyn,Russell,555-7228,Law Associates,Security Consultant,340 Cedar Street,,Charlotte,NC,28201,0x691874a905ac46e7750f632fb97076df03aeccaa
Y3XILU2G,Charles,Alexander,555-7969,Insurance Corp,Physician,189 Poplar Circle,,Albuquerque,NM,87101,0x0bdf47a6a3e6b7f1cedcf414709880a089e34f20
8SXUJPIL,Deborah,James,555-6419,Aerospace Corp,Security Consultant,989 Spruce Way,,Oakland,CA,94601,0xbc2cc7aab2b6937406c5138816f4d9bee7f3cf70
6BP7TQGA,Teresa,Gonzalez,555-1489,Insurance Corp,Architect,671 Oak Road,,Fort Worth,TX,76101,0xf045228a69d2c5af0987a863e22d3c9854693f75
OX09YVNV,Donna,Myers,555-6145,Financial Advisory LLC,Professor,339 Birch Court,Unit 20A,Charlotte,NC,28201,0xa946121fef719d4f0692dd4f7fdfa1f93e03fed8
6ZMX83DT,John,Wright,555-6933,Architecture Firm,Attorney,834 Maple Court,Apt 15,Dallas,TX,75201,0x0acc3797987063e949a5375540f6b825fccc888b
8HV6FTUV,Patricia,Murray,555-1149,Architecture Firm,Mechanical Engineer,789 Pine Way,,San Diego,CA,92101,0x38c18c8b58077f27e0ba0ee8dd14b4514853854f
YMTV5RNA,Janice,Long,555-1400,Biotech Labs,Professor,280 Maple Circle,,Boston,MA,02101,0x826d19f6cf50fa12bdf4e2572b82c2ffc108bfc9
